,GC001,,,GC007,,,10Y国债收益(CGBB),,,1Y国债收益(CGBB),,,3Y国债收益(CGBB),,,5Y国债收益(CGBB),,,7Y国债收益(CGBB),,,FR001,,,FR007,,,IBO001,,,IBO007,,,1年期贷款基础利率,,,银买断1日,,,银买断7日,,,银质押1日,,,银质押7日,,,SHIBOR1周,,,SHIBOR隔夜
,204001.SH,,,204007.SH,,,CGB10Y.WI,,,CGB1Y.WI,,,CGB3Y.WI,,,CGB5Y.WI,,,CGB7Y.WI,,,FR001.IR,,,FR007.IR,,,IBO001.IB,,,IBO007.IB,,,LPR1Y.IR,,,OR001.IB,,,OR007.IB,,,R001.IB,,,R007.IB,,,SHIBOR1W.IR,,,SHIBORON.IR
日期,收盘价,,日期,收盘价,,日期,收盘价,,日期,收盘价,,日期,收盘价,,日期,收盘价,,日期,收盘价,,日期,收盘价,,日期,收盘价,,日期,收盘价,,日期,收盘价,,日期,收盘价,,日期,收盘价,,日期,收盘价,,日期,收盘价,,日期,收盘价,,日期,收盘价,,日期,收盘价
Date,close,,Date,close,,Date,close,,Date,close,,Date,close,,Date,close,,Date,close,,Date,close,,Date,close,,Date,close,,Date,close,,Date,close,,Date,close,,Date,close,,Date,close,,Date,close,,Date,close,,Date,close
2015-01-05,3.675,,2015-01-05,3.055,,2015-01-05,3.659,,2015-01-05,3.164,,2015-01-05,3.368,,2015-01-05,3.584,,2015-01-05,3.589,,2015-01-05,3.300,,2015-01-05,4.490,,2015-01-05,3.150,,2015-01-05,4.500,,2015-01-05,5.510,,2015-01-05,2.182,,2015-01-05,3.898,,2015-01-05,3.210,,2015-01-05,4.330,,2015-01-05,4.725,,2015-01-05,3.421
2015-01-06,0.570,,2015-01-06,3.300,,2015-01-06,3.643,,2015-01-06,3.229,,2015-01-06,3.354,,2015-01-06,3.572,,2015-01-06,3.603,,2015-01-06,3.030,,2015-01-06,4.060,,2015-01-06,3.230,,2015-01-06,4.400,,2015-01-06,5.510,,2015-01-06,2.401,,2015-01-06,4.401,,2015-01-06,2.980,,2015-01-06,3.930,,2015-01-06,4.241,,2015-01-06,3.032
2015-01-07,0.485,,2015-01-07,3.230,,2015-01-07,3.642,,2015-01-07,3.130,,2015-01-07,3.312,,2015-01-07,3.570,,2015-01-07,3.604,,2015-01-07,2.930,,2015-01-07,3.870,,2015-01-07,2.860,,2015-01-07,4.200,,2015-01-07,5.510,,2015-01-07,3.005,,2015-01-07,4.049,,2015-01-07,2.880,,2015-01-07,3.860,,2015-01-07,3.873,,2015-01-07,2.881
2015-01-08,0.605,,2015-01-08,3.270,,2015-01-08,3.646,,2015-01-08,3.262,,2015-01-08,3.301,,2015-01-08,3.574,,2015-01-08,3.597,,2015-01-08,2.880,,2015-01-08,3.740,,2015-01-08,2.860,,2015-01-08,3.750,,2015-01-08,5.510,,2015-01-08,3.600,,2015-01-08,3.943,,2015-01-08,2.810,,2015-01-08,3.740,,2015-01-08,3.745,,2015-01-08,2.830
2015-01-09,0.535,,2015-01-09,4.705,,2015-01-09,3.455,,2015-01-09,3.255,,2015-01-09,3.342,,2015-01-09,3.650,,2015-01-09,3.683,,2015-01-09,2.830,,2015-01-09,3.800,,2015-01-09,2.760,,2015-01-09,3.738,,2015-01-09,5.510,,2015-01-09,3.280,,2015-01-09,4.722,,2015-01-09,2.750,,2015-01-09,3.755,,2015-01-09,3.738,,2015-01-09,2.805
2015-01-12,0.545,,2015-01-12,4.995,,2015-01-12,3.659,,2015-01-12,3.173,,2015-01-12,3.290,,2015-01-12,3.597,,2015-01-12,3.588,,2015-01-12,2.760,,2015-01-12,3.820,,2015-01-12,2.753,,2015-01-12,3.980,,2015-01-12,5.510,,2015-01-12,2.200,,2015-01-12,4.298,,2015-01-12,2.720,,2015-01-12,3.810,,2015-01-12,3.762,,2015-01-12,2.753
2015-01-13,1.180,,2015-01-13,3.990,,2015-01-13,3.595,,2015-01-13,3.116,,2015-01-13,3.276,,2015-01-13,3.526,,2015-01-13,3.554,,2015-01-13,2.730,,2015-01-13,3.840,,2015-01-13,2.660,,2015-01-13,3.940,,2015-01-13,5.510,,2015-01-13,2.665,,2015-01-13,4.298,,2015-01-13,2.640,,2015-01-13,3.850,,2015-01-13,3.730,,2015-01-13,2.667
2015-01-14,3.020,,2015-01-14,3.135,,2015-01-14,3.537,,2015-01-14,3.180,,2015-01-14,3.229,,2015-01-14,3.503,,2015-01-14,3.520,,2015-01-14,2.710,,2015-01-14,3.900,,2015-01-14,2.750,,2015-01-14,3.800,,2015-01-14,5.510,,2015-01-14,2.993,,2015-01-14,4.199,,2015-01-14,2.620,,2015-01-14,3.850,,2015-01-14,3.837,,2015-01-14,2.636
2015-01-15,8.075,,2015-01-15,4.005,,2015-01-15,3.523,,2015-01-15,3.194,,2015-01-15,3.291,,2015-01-15,3.543,,2015-01-15,3.494,,2015-01-15,2.700,,2015-01-15,3.840,,2015-01-15,2.620,,2015-01-15,3.940,,2015-01-15,5.510,,2015-01-15,2.893,,2015-01-15,4.347,,2015-01-15,2.620,,2015-01-15,3.200,,2015-01-15,3.843,,2015-01-15,2.631
2015-01-16,3.990,,2015-01-16,3.015,,2015-01-16,3.511,,2015-01-16,3.188,,2015-01-16,3.298,,2015-01-16,3.423,,2015-01-16,3.445,,2015-01-16,2.710,,2015-01-16,3.940,,2015-01-16,2.633,,2015-01-16,3.948,,2015-01-16,5.510,,2015-01-16,2.994,,2015-01-16,4.502,,2015-01-16,2.620,,2015-01-16,3.880,,2015-01-16,3.848,,2015-01-16,2.633
2015-01-19,1.050,,2015-01-19,3.560,,2015-01-19,3.461,,2015-01-19,3.190,,2015-01-19,3.257,,2015-01-19,3.441,,2015-01-19,3.465,,2015-01-19,2.700,,2015-01-19,3.750,,2015-01-19,3.000,,2015-01-19,4.000,,2015-01-19,5.510,,2015-01-19,3.168,,2015-01-19,4.320,,2015-01-19,2.670,,2015-01-19,4.000,,2015-01-19,3.831,,2015-01-19,2.660
2015-01-20,1.175,,2015-01-20,2.885,,2015-01-20,3.455,,2015-01-20,3.179,,2015-01-20,3.330,,2015-01-20,3.370,,2015-01-20,3.522,,2015-01-20,2.890,,2015-01-20,3.730,,2015-01-20,2.800,,2015-01-20,4.300,,2015-01-20,5.510,,2015-01-20,3.486,,2015-01-20,5.988,,2015-01-20,2.780,,2015-01-20,5.000,,2015-01-20,3.782,,2015-01-20,2.707
2015-01-21,1.125,,2015-01-21,2.945,,2015-01-21,3.473,,2015-01-21,3.167,,2015-01-21,3.263,,2015-01-21,3.446,,2015-01-21,3.436,,2015-01-21,3.000,,2015-01-21,4.000,,2015-01-21,3.000,,2015-01-21,5.000,,2015-01-21,5.510,,2015-01-21,2.417,,2015-01-21,6.007,,2015-01-21,2.350,,2015-01-21,3.500,,2015-01-21,3.823,,2015-01-21,2.788
2015-01-22,1.615,,2015-01-22,2.990,,2015-01-22,3.437,,2015-01-22,2.957,,2015-01-22,3.279,,2015-01-22,3.422,,2015-01-22,3.442,,2015-01-22,2.900,,2015-01-22,4.150,,2015-01-22,2.800,,2015-01-22,4.100,,2015-01-22,5.510,,2015-01-22,2.263,,2015-01-22,4.179,,2015-01-22,2.750,,2015-01-22,4.380,,2015-01-22,3.875,,2015-01-22,2.771
2015-01-23,1.805,,2015-01-23,2.670,,2015-01-23,3.446,,2015-01-23,3.119,,2015-01-23,3.200,,2015-01-23,3.411,,2015-01-23,3.440,,2015-01-23,2.780,,2015-01-23,3.920,,2015-01-23,2.780,,2015-01-23,2.750,,2015-01-23,5.510,,2015-01-23,4.006,,2015-01-23,4.698,,2015-01-23,2.680,,2015-01-23,3.910,,2015-01-23,4.028,,2015-01-23,2.728
2015-01-26,1.725,,2015-01-26,3.530,,2015-01-26,3.452,,2015-01-26,3.007,,2015-01-26,3.190,,2015-01-26,3.389,,2015-01-26,3.403,,2015-01-26,2.780,,2015-01-26,3.900,,2015-01-26,2.900,,2015-01-26,3.930,,2015-01-26,5.510,,2015-01-26,2.957,,2015-01-26,4.100,,2015-01-26,2.670,,2015-01-26,3.890,,2015-01-26,3.920,,2015-01-26,2.688
2015-01-27,1.265,,2015-01-27,2.700,,2015-01-27,3.421,,2015-01-27,3.164,,2015-01-27,3.193,,2015-01-27,3.404,,2015-01-27,3.432,,2015-01-27,2.800,,2015-01-27,3.900,,2015-01-27,2.730,,2015-01-27,4.000,,2015-01-27,5.510,,2015-01-27,3.708,,2015-01-27,3.111,,2015-01-27,2.690,,2015-01-27,4.300,,2015-01-27,3.890,,2015-01-27,2.674
2015-01-28,2.155,,2015-01-28,3.100,,2015-01-28,3.439,,2015-01-28,3.225,,2015-01-28,3.280,,2015-01-28,3.428,,2015-01-28,3.440,,2015-01-28,2.870,,2015-01-28,3.930,,2015-01-28,2.720,,2015-01-28,3.980,,2015-01-28,5.510,,2015-01-28,3.086,,2015-01-28,4.298,,2015-01-28,2.740,,2015-01-28,3.900,,2015-01-28,3.898,,2015-01-28,2.690
2015-01-29,0.695,,2015-01-29,3.610,,2015-01-29,3.477,,2015-01-29,3.172,,2015-01-29,3.236,,2015-01-29,3.468,,2015-01-29,3.435,,2015-01-29,2.940,,2015-01-29,4.000,,2015-01-29,2.780,,2015-01-29,3.650,,2015-01-29,5.510,,2015-01-29,2.798,,2015-01-29,5.010,,2015-01-29,2.790,,2015-01-29,4.160,,2015-01-29,3.929,,2015-01-29,2.765
2015-01-30,6.715,,2015-01-30,6.400,,2015-01-30,3.471,,2015-01-30,3.102,,2015-01-30,3.222,,2015-01-30,3.479,,2015-01-30,3.440,,2015-01-30,2.970,,2015-01-30,4.110,,2015-01-30,2.860,,2015-01-30,4.400,,2015-01-30,5.510,,2015-01-30,3.003,,2015-01-30,4.998,,2015-01-30,2.830,,2015-01-30,2.840,,2015-01-30,4.026,,2015-01-30,2.813
2015-02-02,1.690,,2015-02-02,3.610,,2015-02-02,3.516,,2015-02-02,3.086,,2015-02-02,3.173,,2015-02-02,3.493,,2015-02-02,3.389,,2015-02-02,2.950,,2015-02-02,4.600,,2015-02-02,2.930,,2015-02-02,4.450,,2015-02-02,5.510,,2015-02-02,4.986,,2015-02-02,6.300,,2015-02-02,2.930,,2015-02-02,4.400,,2015-02-02,4.257,,2015-02-02,2.889
2015-02-03,2.195,,2015-02-03,4.200,,2015-02-03,3.437,,2015-02-03,3.200,,2015-02-03,3.177,,2015-02-03,3.471,,2015-02-03,3.378,,2015-02-03,3.200,,2015-02-03,4.500,,2015-02-03,2.980,,2015-02-03,4.200,,2015-02-03,5.510,,2015-02-03,3.311,,2015-02-03,5.995,,2015-02-03,2.960,,2015-02-03,4.900,,2015-02-03,4.393,,2015-02-03,2.954
2015-02-04,1.295,,2015-02-04,4.230,,2015-02-04,3.458,,2015-02-04,2.920,,2015-02-04,3.174,,2015-02-04,3.448,,2015-02-04,3.384,,2015-02-04,3.140,,2015-02-04,4.510,,2015-02-04,3.000,,2015-02-04,4.427,,2015-02-04,5.510,,2015-02-04,2.201,,2015-02-04,4.592,,2015-02-04,2.650,,2015-02-04,4.600,,2015-02-04,4.427,,2015-02-04,2.973
2015-02-05,1.080,,2015-02-05,3.195,,2015-02-05,3.400,,2015-02-05,2.967,,2015-02-05,3.120,,2015-02-05,3.424,,2015-02-05,3.358,,2015-02-05,2.950,,2015-02-05,4.500,,2015-02-05,2.850,,2015-02-05,4.435,,2015-02-05,5.510,,2015-02-05,2.809,,2015-02-05,5.200,,2015-02-05,2.870,,2015-02-05,4.440,,2015-02-05,4.412,,2015-02-05,2.866
2015-02-06,1.005,,2015-02-06,4.300,,2015-02-06,3.431,,2015-02-06,2.962,,2015-02-06,3.153,,2015-02-06,3.423,,2015-02-06,3.374,,2015-02-06,2.860,,2015-02-06,4.450,,2015-02-06,2.870,,2015-02-06,4.800,,2015-02-06,5.510,,2015-02-06,2.702,,2015-02-06,6.497,,2015-02-06,2.800,,2015-02-06,4.380,,2015-02-06,4.359,,2015-02-06,2.856
2015-02-09,0.870,,2015-02-09,4.985,,2015-02-09,3.449,,2015-02-09,3.083,,2015-02-09,3.147,,2015-02-09,3.385,,2015-02-09,3.368,,2015-02-09,2.880,,2015-02-09,4.350,,2015-02-09,2.940,,2015-02-09,4.680,,2015-02-09,5.510,,2015-02-09,3.104,,2015-02-09,4.691,,2015-02-09,3.100,,2015-02-09,4.400,,2015-02-09,4.335,,2015-02-09,2.812
2015-02-10,53.440,,2015-02-10,13.845,,2015-02-10,3.435,,2015-02-10,2.950,,2015-02-10,3.152,,2015-02-10,3.438,,2015-02-10,3.355,,2015-02-10,3.100,,2015-02-10,4.340,,2015-02-10,2.880,,2015-02-10,4.400,,2015-02-10,5.510,,2015-02-10,2.892,,2015-02-10,4.813,,2015-02-10,2.900,,2015-02-10,4.400,,2015-02-10,4.321,,2015-02-10,2.852
2015-02-11,3.345,,2015-02-11,9.585,,2015-02-11,3.463,,2015-02-11,3.511,,2015-02-11,3.172,,2015-02-11,3.277,,2015-02-11,3.292,,2015-02-11,3.220,,2015-02-11,4.500,,2015-02-11,3.500,,2015-02-11,4.410,,2015-02-11,5.510,,2015-02-11,3.396,,2015-02-11,4.721,,2015-02-11,3.000,,2015-02-11,4.610,,2015-02-11,4.420,,2015-02-11,2.932
2015-02-12,16.185,,2015-02-12,8.135,,2015-02-12,3.398,,2015-02-12,3.241,,2015-02-12,3.174,,2015-02-12,3.256,,2015-02-12,3.255,,2015-02-12,3.220,,2015-02-12,4.700,,2015-02-12,3.170,,2015-02-12,4.600,,2015-02-12,5.510,,2015-02-12,2.399,,2015-02-12,5.103,,2015-02-12,2.300,,2015-02-12,5.000,,2015-02-12,4.602,,2015-02-12,3.058
2015-02-13,1.310,,2015-02-13,3.360,,2015-02-13,3.378,,2015-02-13,3.102,,2015-02-13,3.140,,2015-02-13,3.237,,2015-02-13,3.251,,2015-02-13,3.250,,2015-02-13,4.680,,2015-02-13,3.210,,2015-02-13,4.750,,2015-02-13,5.510,,2015-02-13,3.498,,2015-02-13,5.102,,2015-02-13,3.150,,2015-02-13,4.910,,2015-02-13,4.663,,2015-02-13,3.091
2015-02-16,2.660,,2015-02-16,1.610,,2015-02-16,3.313,,2015-02-16,3.097,,2015-02-16,3.119,,2015-02-16,3.201,,2015-02-16,3.218,,2015-02-16,3.260,,2015-02-16,4.800,,2015-02-16,3.200,,2015-02-16,4.900,,2015-02-16,5.510,,2015-02-16,3.368,,2015-02-16,5.801,,2015-02-16,3.360,,2015-02-16,4.950,,2015-02-16,4.700,,2015-02-16,3.182
2015-02-17,0.450,,2015-02-17,0.010,,2015-02-17,3.444,,2015-02-17,3.043,,2015-02-17,3.166,,2015-02-17,3.232,,2015-02-17,3.238,,2015-02-17,3.550,,2015-02-17,4.790,,2015-02-17,4.800,,2015-02-17,4.800,,2015-02-17,5.510,,2015-02-17,3.368,,2015-02-17,4.921,,2015-02-17,3.520,,2015-02-17,4.830,,2015-02-17,4.749,,2015-02-17,3.400
2015-02-25,2.790,,2015-02-25,2.300,,2015-02-25,3.226,,2015-02-25,3.050,,2015-02-25,3.125,,2015-02-25,3.192,,2015-02-25,3.204,,2015-02-25,3.328,,2015-02-25,4.830,,2015-02-25,3.290,,2015-02-25,4.840,,2015-02-25,5.510,,2015-02-25,4.093,,2015-02-25,5.500,,2015-02-25,3.310,,2015-02-25,5.070,,2015-02-25,4.768,,2015-02-25,3.328
2015-02-26,1.820,,2015-02-26,3.110,,2015-02-26,3.285,,2015-02-26,3.062,,2015-02-26,3.133,,2015-02-26,3.192,,2015-02-26,3.246,,2015-02-26,3.350,,2015-02-26,4.900,,2015-02-26,3.340,,2015-02-26,5.300,,2015-02-26,5.510,,2015-02-26,3.339,,2015-02-26,5.280,,2015-02-26,3.500,,2015-02-26,4.730,,2015-02-26,4.717,,2015-02-26,3.298
2015-02-27,2.850,,2015-02-27,3.260,,2015-02-27,3.401,,2015-02-27,3.072,,2015-02-27,3.141,,2015-02-27,3.234,,2015-02-27,3.255,,2015-02-27,3.500,,2015-02-27,4.750,,2015-02-27,3.500,,2015-02-27,4.950,,2015-02-27,5.510,,2015-02-27,3.186,,2015-02-27,6.202,,2015-02-27,3.530,,2015-02-27,5.200,,2015-02-27,4.715,,2015-02-27,3.318
2015-03-02,1.800,,2015-03-02,3.560,,2015-03-02,3.345,,2015-03-02,3.094,,2015-03-02,3.147,,2015-03-02,3.231,,2015-03-02,3.288,,2015-03-02,3.600,,2015-03-02,4.960,,2015-03-02,3.500,,2015-03-02,4.800,,2015-03-02,5.300,,2015-03-02,3.893,,2015-03-02,5.998,,2015-03-02,3.490,,2015-03-02,4.820,,2015-03-02,4.748,,2015-03-02,3.453
2015-03-03,0.885,,2015-03-03,2.510,,2015-03-03,3.383,,2015-03-03,3.107,,2015-03-03,3.222,,2015-03-03,3.225,,2015-03-03,3.358,,2015-03-03,3.560,,2015-03-03,4.730,,2015-03-03,3.400,,2015-03-03,4.790,,2015-03-03,5.300,,2015-03-03,2.402,,2015-03-03,4.729,,2015-03-03,3.480,,2015-03-03,4.200,,2015-03-03,4.747,,2015-03-03,3.450
2015-03-04,1.010,,2015-03-04,2.985,,2015-03-04,3.356,,2015-03-04,3.092,,2015-03-04,3.177,,2015-03-04,3.243,,2015-03-04,3.304,,2015-03-04,3.510,,2015-03-04,4.730,,2015-03-04,3.400,,2015-03-04,4.720,,2015-03-04,5.300,,2015-03-04,3.428,,2015-03-04,5.004,,2015-03-04,3.260,,2015-03-04,4.750,,2015-03-04,4.717,,2015-03-04,3.446
2015-03-05,1.330,,2015-03-05,5.700,,2015-03-05,3.445,,2015-03-05,3.112,,2015-03-05,3.223,,2015-03-05,3.290,,2015-03-05,3.360,,2015-03-05,3.550,,2015-03-05,4.740,,2015-03-05,3.450,,2015-03-05,5.000,,2015-03-05,5.300,,2015-03-05,3.788,,2015-03-05,5.600,,2015-03-05,3.400,,2015-03-05,4.790,,2015-03-05,4.729,,2015-03-05,3.433
2015-03-06,1.185,,2015-03-06,7.345,,2015-03-06,3.516,,2015-03-06,3.122,,2015-03-06,3.282,,2015-03-06,3.306,,2015-03-06,3.358,,2015-03-06,3.450,,2015-03-06,4.800,,2015-03-06,3.420,,2015-03-06,4.850,,2015-03-06,5.300,,2015-03-06,2.904,,2015-03-06,4.301,,2015-03-06,3.400,,2015-03-06,4.600,,2015-03-06,4.739,,2015-03-06,3.416
2015-03-09,0.600,,2015-03-09,6.935,,2015-03-09,3.480,,2015-03-09,3.121,,2015-03-09,3.253,,2015-03-09,3.352,,2015-03-09,3.412,,2015-03-09,3.430,,2015-03-09,4.810,,2015-03-09,3.380,,2015-03-09,5.350,,2015-03-09,5.300,,2015-03-09,3.843,,2015-03-09,5.801,,2015-03-09,3.300,,2015-03-09,4.850,,2015-03-09,4.773,,2015-03-09,3.381
2015-03-10,0.505,,2015-03-10,5.500,,2015-03-10,3.502,,2015-03-10,3.132,,2015-03-10,3.285,,2015-03-10,3.353,,2015-03-10,3.387,,2015-03-10,3.450,,2015-03-10,4.800,,2015-03-10,3.400,,2015-03-10,5.000,,2015-03-10,5.300,,2015-03-10,3.704,,2015-03-10,4.651,,2015-03-10,3.370,,2015-03-10,4.750,,2015-03-10,4.763,,2015-03-10,3.350
2015-03-11,0.585,,2015-03-11,4.525,,2015-03-11,3.497,,2015-03-11,3.145,,2015-03-11,3.173,,2015-03-11,3.352,,2015-03-11,3.341,,2015-03-11,3.500,,2015-03-11,4.670,,2015-03-11,3.380,,2015-03-11,5.050,,2015-03-11,5.300,,2015-03-11,2.270,,2015-03-11,5.496,,2015-03-11,3.360,,2015-03-11,4.950,,2015-03-11,4.773,,2015-03-11,3.347
2015-03-12,12.905,,2015-03-12,6.600,,2015-03-12,3.524,,2015-03-12,3.141,,2015-03-12,3.201,,2015-03-12,3.317,,2015-03-12,3.330,,2015-03-12,3.520,,2015-03-12,4.850,,2015-03-12,3.460,,2015-03-12,4.800,,2015-03-12,5.300,,2015-03-12,3.587,,2015-03-12,5.123,,2015-03-12,3.450,,2015-03-12,4.760,,2015-03-12,4.751,,2015-03-12,3.464
2015-03-13,2.980,,2015-03-13,3.100,,2015-03-13,3.479,,2015-03-13,3.187,,2015-03-13,3.212,,2015-03-13,3.348,,2015-03-13,3.381,,2015-03-13,3.500,,2015-03-13,4.803,,2015-03-13,3.400,,2015-03-13,4.790,,2015-03-13,5.300,,2015-03-13,3.497,,2015-03-13,4.157,,2015-03-13,3.420,,2015-03-13,4.720,,2015-03-13,4.738,,2015-03-13,3.436
2015-03-16,1.065,,2015-03-16,3.160,,2015-03-16,3.503,,2015-03-16,3.119,,2015-03-16,3.229,,2015-03-16,3.359,,2015-03-16,3.423,,2015-03-16,3.500,,2015-03-16,4.750,,2015-03-16,3.460,,2015-03-16,5.000,,2015-03-16,5.300,,2015-03-16,3.888,,2015-03-16,5.598,,2015-03-16,3.390,,2015-03-16,4.610,,2015-03-16,4.708,,2015-03-16,3.403
2015-03-17,1.015,,2015-03-17,2.200,,2015-03-17,3.549,,2015-03-17,3.142,,2015-03-17,3.219,,2015-03-17,3.340,,2015-03-17,3.406,,2015-03-17,3.460,,2015-03-17,4.650,,2015-03-17,3.360,,2015-03-17,4.760,,2015-03-17,5.300,,2015-03-17,3.817,,2015-03-17,4.992,,2015-03-17,3.300,,2015-03-17,4.640,,2015-03-17,4.620,,2015-03-17,3.376
2015-03-18,1.935,,2015-03-18,2.855,,2015-03-18,3.563,,2015-03-18,3.154,,2015-03-18,3.317,,2015-03-18,3.365,,2015-03-18,3.426,,2015-03-18,3.450,,2015-03-18,4.620,,2015-03-18,3.369,,2015-03-18,4.990,,2015-03-18,5.300,,2015-03-18,3.017,,2015-03-18,5.099,,2015-03-18,3.350,,2015-03-18,4.590,,2015-03-18,4.602,,2015-03-18,3.369
2015-03-19,2.255,,2015-03-19,3.000,,2015-03-19,3.456,,2015-03-19,3.158,,2015-03-19,3.323,,2015-03-19,3.340,,2015-03-19,3.436,,2015-03-19,3.390,,2015-03-19,4.480,,2015-03-19,3.200,,2015-03-19,4.900,,2015-03-19,5.300,,2015-03-19,3.662,,2015-03-19,4.599,,2015-03-19,3.300,,2015-03-19,4.410,,2015-03-19,4.496,,2015-03-19,3.332
2015-03-20,2.200,,2015-03-20,2.300,,2015-03-20,3.456,,2015-03-20,3.167,,2015-03-20,3.294,,2015-03-20,3.355,,2015-03-20,3.490,,2015-03-20,3.340,,2015-03-20,4.250,,2015-03-20,3.300,,2015-03-20,4.380,,2015-03-20,5.300,,2015-03-20,3.190,,2015-03-20,4.819,,2015-03-20,3.270,,2015-03-20,4.320,,2015-03-20,4.331,,2015-03-20,3.294
2015-03-23,1.540,,2015-03-23,2.500,,2015-03-23,3.510,,2015-03-23,3.172,,2015-03-23,3.335,,2015-03-23,3.336,,2015-03-23,3.436,,2015-03-23,3.300,,2015-03-23,4.130,,2015-03-23,3.260,,2015-03-23,4.420,,2015-03-23,5.300,,2015-03-23,3.217,,2015-03-23,3.452,,2015-03-23,3.320,,2015-03-23,3.500,,2015-03-23,4.143,,2015-03-23,3.217
2015-03-24,1.235,,2015-03-24,2.225,,2015-03-24,3.416,,2015-03-24,3.218,,2015-03-24,3.334,,2015-03-24,3.348,,2015-03-24,3.430,,2015-03-24,3.300,,2015-03-24,4.000,,2015-03-24,3.270,,2015-03-24,4.050,,2015-03-24,5.300,,2015-03-24,3.892,,2015-03-24,4.799,,2015-03-24,3.200,,2015-03-24,3.990,,2015-03-24,4.033,,2015-03-24,3.218
2015-03-25,1.045,,2015-03-25,2.705,,2015-03-25,3.527,,2015-03-25,3.167,,2015-03-25,3.343,,2015-03-25,3.359,,2015-03-25,3.447,,2015-03-25,3.300,,2015-03-25,3.940,,2015-03-25,3.200,,2015-03-25,4.250,,2015-03-25,5.300,,2015-03-25,3.686,,2015-03-25,4.301,,2015-03-25,3.190,,2015-03-25,3.940,,2015-03-25,3.955,,2015-03-25,3.210
2015-03-26,1.470,,2015-03-26,3.390,,2015-03-26,3.456,,2015-03-26,3.163,,2015-03-26,3.221,,2015-03-26,3.387,,2015-03-26,3.499,,2015-03-26,3.250,,2015-03-26,3.880,,2015-03-26,3.260,,2015-03-26,3.650,,2015-03-26,5.300,,2015-03-26,3.936,,2015-03-26,4.678,,2015-03-26,3.230,,2015-03-26,4.300,,2015-03-26,3.897,,2015-03-26,3.216
2015-03-27,1.295,,2015-03-27,2.500,,2015-03-27,3.594,,2015-03-27,3.208,,2015-03-27,3.169,,2015-03-27,3.457,,2015-03-27,3.502,,2015-03-27,3.250,,2015-03-27,3.890,,2015-03-27,3.250,,2015-03-27,4.100,,2015-03-27,5.300,,2015-03-27,3.523,,2015-03-27,4.901,,2015-03-27,3.220,,2015-03-27,4.080,,2015-03-27,3.893,,2015-03-27,3.206
2015-03-30,2.585,,2015-03-30,3.870,,2015-03-30,3.732,,2015-03-30,3.259,,2015-03-30,3.262,,2015-03-30,3.416,,2015-03-30,3.541,,2015-03-30,3.290,,2015-03-30,3.950,,2015-03-30,3.210,,2015-03-30,4.000,,2015-03-30,5.300,,2015-03-30,3.492,,2015-03-30,4.798,,2015-03-30,3.300,,2015-03-30,4.200,,2015-03-30,3.919,,2015-03-30,3.203
2015-03-31,1.100,,2015-03-31,3.300,,2015-03-31,3.766,,2015-03-31,3.294,,2015-03-31,3.317,,2015-03-31,3.462,,2015-03-31,3.606,,2015-03-31,3.300,,2015-03-31,4.000,,2015-03-31,3.183,,2015-03-31,4.000,,2015-03-31,5.300,,2015-03-31,3.197,,2015-03-31,4.492,,2015-03-31,3.150,,2015-03-31,3.820,,2015-03-31,3.886,,2015-03-31,3.183
2015-04-01,1.260,,2015-04-01,2.610,,2015-04-01,3.685,,2015-04-01,3.191,,2015-04-01,3.244,,2015-04-01,3.440,,2015-04-01,3.580,,2015-04-01,3.210,,2015-04-01,3.800,,2015-04-01,3.080,,2015-04-01,3.640,,2015-04-01,5.300,,2015-04-01,3.199,,2015-04-01,3.972,,2015-04-01,3.050,,2015-04-01,3.760,,2015-04-01,3.754,,2015-04-01,3.087
2015-04-02,1.505,,2015-04-02,1.600,,2015-04-02,3.541,,2015-04-02,3.177,,2015-04-02,3.262,,2015-04-02,3.426,,2015-04-02,3.528,,2015-04-02,3.050,,2015-04-02,3.670,,2015-04-02,3.020,,2015-04-02,3.900,,2015-04-02,5.300,,2015-04-02,3.607,,2015-04-02,3.598,,2015-04-02,2.950,,2015-04-02,3.610,,2015-04-02,3.635,,2015-04-02,2.995
2015-04-03,0.700,,2015-04-03,0.955,,2015-04-03,3.528,,2015-04-03,3.178,,2015-04-03,3.244,,2015-04-03,3.410,,2015-04-03,3.568,,2015-04-03,2.980,,2015-04-03,3.420,,2015-04-03,2.920,,2015-04-03,3.430,,2015-04-03,5.300,,2015-04-03,3.497,,2015-04-03,0.599,,2015-04-03,2.820,,2015-04-03,3.430,,2015-04-03,3.506,,2015-04-03,2.887
2015-04-07,0.615,,2015-04-07,1.360,,2015-04-07,3.577,,2015-04-07,3.132,,2015-04-07,3.269,,2015-04-07,3.437,,2015-04-07,3.579,,2015-04-07,2.820,,2015-04-07,3.270,,2015-04-07,2.850,,2015-04-07,3.430,,2015-04-07,5.300,,2015-04-07,3.104,,2015-04-07,3.752,,2015-04-07,2.730,,2015-04-07,3.340,,2015-04-07,3.319,,2015-04-07,2.766
2015-04-08,0.520,,2015-04-08,2.240,,2015-04-08,3.833,,2015-04-08,3.128,,2015-04-08,3.267,,2015-04-08,3.472,,2015-04-08,3.653,,2015-04-08,2.720,,2015-04-08,3.120,,2015-04-08,2.710,,2015-04-08,3.160,,2015-04-08,5.300,,2015-04-08,2.215,,2015-04-08,3.392,,2015-04-08,2.650,,2015-04-08,3.200,,2015-04-08,3.163,,2015-04-08,2.683
2015-04-09,0.950,,2015-04-09,4.295,,2015-04-09,3.746,,2015-04-09,3.084,,2015-04-09,3.271,,2015-04-09,3.499,,2015-04-09,3.660,,2015-04-09,2.600,,2015-04-09,3.090,,2015-04-09,2.550,,2015-04-09,3.170,,2015-04-09,5.300,,2015-04-09,3.695,,2015-04-09,2.549,,2015-04-09,2.550,,2015-04-09,3.000,,2015-04-09,3.073,,2015-04-09,2.599
2015-04-10,0.555,,2015-04-10,5.295,,2015-04-10,3.712,,2015-04-10,3.102,,2015-04-10,3.256,,2015-04-10,3.482,,2015-04-10,3.629,,2015-04-10,2.500,,2015-04-10,3.000,,2015-04-10,2.530,,2015-04-10,3.030,,2015-04-10,5.300,,2015-04-10,2.398,,2015-04-10,3.296,,2015-04-10,2.400,,2015-04-10,2.910,,2015-04-10,2.970,,2015-04-10,2.489
2015-04-13,0.505,,2015-04-13,4.005,,2015-04-13,3.581,,2015-04-13,3.099,,2015-04-13,3.257,,2015-04-13,3.484,,2015-04-13,3.568,,2015-04-13,2.450,,2015-04-13,2.960,,2015-04-13,2.450,,2015-04-13,2.950,,2015-04-13,5.300,,2015-04-13,1.965,,2015-04-13,3.802,,2015-04-13,2.350,,2015-04-13,3.280,,2015-04-13,2.949,,2015-04-13,2.405
2015-04-14,0.160,,2015-04-14,3.120,,2015-04-14,3.611,,2015-04-14,3.078,,2015-04-14,3.212,,2015-04-14,3.485,,2015-04-14,3.557,,2015-04-14,2.440,,2015-04-14,3.000,,2015-04-14,2.350,,2015-04-14,2.980,,2015-04-14,5.300,,2015-04-14,2.368,,2015-04-14,3.005,,2015-04-14,2.340,,2015-04-14,2.900,,2015-04-14,2.920,,2015-04-14,2.372
2015-04-15,2.445,,2015-04-15,3.400,,2015-04-15,3.583,,2015-04-15,3.073,,2015-04-15,3.222,,2015-04-15,3.474,,2015-04-15,3.570,,2015-04-15,2.460,,2015-04-15,3.000,,2015-04-15,2.350,,2015-04-15,4.000,,2015-04-15,5.300,,2015-04-15,2.995,,2015-04-15,3.001,,2015-04-15,2.400,,2015-04-15,2.990,,2015-04-15,2.880,,2015-04-15,2.307
2015-04-16,3.105,,2015-04-16,3.000,,2015-04-16,3.546,,2015-04-16,3.064,,2015-04-16,3.208,,2015-04-16,3.466,,2015-04-16,3.536,,2015-04-16,2.380,,2015-04-16,3.030,,2015-04-16,2.300,,2015-04-16,3.200,,2015-04-16,5.300,,2015-04-16,2.754,,2015-04-16,2.999,,2015-04-16,2.290,,2015-04-16,2.980,,2015-04-16,2.884,,2015-04-16,2.298
2015-04-17,0.665,,2015-04-17,2.170,,2015-04-17,3.552,,2015-04-17,3.166,,2015-04-17,3.226,,2015-04-17,3.454,,2015-04-17,3.544,,2015-04-17,2.350,,2015-04-17,2.930,,2015-04-17,2.310,,2015-04-17,2.910,,2015-04-17,5.300,,2015-04-17,2.254,,2015-04-17,3.602,,2015-04-17,2.260,,2015-04-17,2.920,,2015-04-17,2.873,,2015-04-17,2.268
2015-04-20,0.670,,2015-04-20,0.990,,2015-04-20,3.454,,2015-04-20,3.083,,2015-04-20,3.156,,2015-04-20,3.307,,2015-04-20,3.444,,2015-04-20,2.100,,2015-04-20,2.810,,2015-04-20,2.130,,2015-04-20,2.730,,2015-04-20,5.300,,2015-04-20,0.096,,2015-04-20,3.240,,2015-04-20,2.100,,2015-04-20,2.790,,2015-04-20,2.732,,2015-04-20,2.087
2015-04-21,1.035,,2015-04-21,1.990,,2015-04-21,3.401,,2015-04-21,3.006,,2015-04-21,3.153,,2015-04-21,3.278,,2015-04-21,3.419,,2015-04-21,2.070,,2015-04-21,2.640,,2015-04-21,2.040,,2015-04-21,2.680,,2015-04-21,5.300,,2015-04-21,2.497,,2015-04-21,3.040,,2015-04-21,2.000,,2015-04-21,2.640,,2015-04-21,2.620,,2015-04-21,2.002
2015-04-22,1.405,,2015-04-22,1.795,,2015-04-22,3.402,,2015-04-22,2.994,,2015-04-22,3.150,,2015-04-22,3.288,,2015-04-22,3.462,,2015-04-22,1.990,,2015-04-22,2.610,,2015-04-22,2.100,,2015-04-22,3.000,,2015-04-22,5.300,,2015-04-22,2.210,,2015-04-22,2.820,,2015-04-22,1.920,,2015-04-22,2.600,,2015-04-22,2.567,,2015-04-22,1.949
2015-04-23,1.020,,2015-04-23,0.500,,2015-04-23,3.412,,2015-04-23,2.980,,2015-04-23,3.195,,2015-04-23,3.295,,2015-04-23,3.444,,2015-04-23,1.970,,2015-04-23,2.570,,2015-04-23,1.950,,2015-04-23,2.760,,2015-04-23,5.300,,2015-04-23,2.414,,2015-04-23,2.502,,2015-04-23,1.890,,2015-04-23,2.540,,2015-04-23,2.527,,2015-04-23,1.908
2015-04-24,1.030,,2015-04-24,1.000,,2015-04-24,3.445,,2015-04-24,2.938,,2015-04-24,3.214,,2015-04-24,3.313,,2015-04-24,3.422,,2015-04-24,1.890,,2015-04-24,2.600,,2015-04-24,1.900,,2015-04-24,2.760,,2015-04-24,5.300,,2015-04-24,2.306,,2015-04-24,3.010,,2015-04-24,1.800,,2015-04-24,2.470,,2015-04-24,2.488,,2015-04-24,1.851
2015-04-27,1.265,,2015-04-27,1.995,,2015-04-27,3.403,,2015-04-27,2.880,,2015-04-27,3.169,,2015-04-27,3.297,,2015-04-27,3.375,,2015-04-27,1.850,,2015-04-27,2.470,,2015-04-27,1.930,,2015-04-27,2.410,,2015-04-27,5.300,,2015-04-27,2.411,,2015-04-27,2.901,,2015-04-27,1.760,,2015-04-27,2.400,,2015-04-27,2.451,,2015-04-27,1.806
2015-04-28,0.950,,2015-04-28,1.175,,2015-04-28,3.380,,2015-04-28,2.846,,2015-04-28,3.172,,2015-04-28,3.283,,2015-04-28,3.360,,2015-04-28,1.800,,2015-04-28,2.480,,2015-04-28,1.800,,2015-04-28,2.500,,2015-04-28,5.300,,2015-04-28,2.244,,2015-04-28,3.081,,2015-04-28,1.750,,2015-04-28,2.480,,2015-04-28,2.438,,2015-04-28,1.759
2015-04-29,2.060,,2015-04-29,1.685,,2015-04-29,3.389,,2015-04-29,2.846,,2015-04-29,3.159,,2015-04-29,3.276,,2015-04-29,3.362,,2015-04-29,1.770,,2015-04-29,2.510,,2015-04-29,1.780,,2015-04-29,2.500,,2015-04-29,5.300,,2015-04-29,2.300,,2015-04-29,2.998,,2015-04-29,1.700,,2015-04-29,2.430,,2015-04-29,2.439,,2015-04-29,1.739
2015-04-30,0.515,,2015-04-30,1.620,,2015-04-30,3.333,,2015-04-30,2.717,,2015-04-30,3.136,,2015-04-30,3.278,,2015-04-30,3.362,,2015-04-30,1.720,,2015-04-30,2.450,,2015-04-30,1.650,,2015-04-30,2.800,,2015-04-30,5.300,,2015-04-30,1.643,,2015-04-30,2.998,,2015-04-30,1.620,,2015-04-30,1.610,,2015-04-30,2.430,,2015-04-30,1.690
2015-05-04,0.815,,2015-05-04,3.745,,2015-05-04,3.383,,2015-05-04,2.756,,2015-05-04,3.136,,2015-05-04,3.288,,2015-05-04,3.350,,2015-05-04,1.630,,2015-05-04,2.430,,2015-05-04,1.600,,2015-05-04,2.450,,2015-05-04,5.300,,2015-05-04,2.212,,2015-05-04,2.702,,2015-05-04,1.600,,2015-05-04,2.440,,2015-05-04,2.390,,2015-05-04,1.619
2015-05-05,0.220,,2015-05-05,2.240,,2015-05-05,3.428,,2015-05-05,2.756,,2015-05-05,3.161,,2015-05-05,3.275,,2015-05-05,3.361,,2015-05-05,1.650,,2015-05-05,2.520,,2015-05-05,1.610,,2015-05-05,3.000,,2015-05-05,5.300,,2015-05-05,1.790,,2015-05-05,2.551,,2015-05-05,1.530,,2015-05-05,2.470,,2015-05-05,2.368,,2015-05-05,1.564
2015-05-06,2.045,,2015-05-06,3.500,,2015-05-06,3.411,,2015-05-06,2.753,,2015-05-06,3.141,,2015-05-06,3.267,,2015-05-06,3.433,,2015-05-06,1.650,,2015-05-06,2.500,,2015-05-06,1.600,,2015-05-06,2.500,,2015-05-06,5.300,,2015-05-06,2.002,,2015-05-06,2.901,,2015-05-06,1.500,,2015-05-06,2.800,,2015-05-06,2.369,,2015-05-06,1.523
2015-05-07,3.100,,2015-05-07,1.950,,2015-05-07,3.423,,2015-05-07,2.734,,2015-05-07,3.116,,2015-05-07,3.245,,2015-05-07,3.442,,2015-05-07,1.600,,2015-05-07,2.400,,2015-05-07,1.550,,2015-05-07,2.000,,2015-05-07,5.300,,2015-05-07,1.862,,2015-05-07,2.890,,2015-05-07,1.470,,2015-05-07,2.400,,2015-05-07,2.355,,2015-05-07,1.489
2015-05-08,1.425,,2015-05-08,1.510,,2015-05-08,3.352,,2015-05-08,2.705,,2015-05-08,3.096,,2015-05-08,3.211,,2015-05-08,3.402,,2015-05-08,1.510,,2015-05-08,2.370,,2015-05-08,1.500,,2015-05-08,2.380,,2015-05-08,5.300,,2015-05-08,2.797,,2015-05-08,2.351,,2015-05-08,1.720,,2015-05-08,2.280,,2015-05-08,2.334,,2015-05-08,1.443
2015-05-11,0.585,,2015-05-11,1.000,,2015-05-11,3.370,,2015-05-11,2.668,,2015-05-11,3.073,,2015-05-11,3.188,,2015-05-11,3.413,,2015-05-11,1.420,,2015-05-11,2.350,,2015-05-11,1.400,,2015-05-11,2.800,,2015-05-11,5.050,,2015-05-11,3.002,,2015-05-11,2.700,,2015-05-11,1.350,,2015-05-11,2.210,,2015-05-11,2.245,,2015-05-11,1.345
2015-05-12,0.560,,2015-05-12,1.235,,2015-05-12,3.413,,2015-05-12,2.601,,2015-05-12,3.012,,2015-05-12,3.140,,2015-05-12,3.412,,2015-05-12,1.360,,2015-05-12,2.160,,2015-05-12,1.700,,2015-05-12,1.800,,2015-05-12,5.050,,2015-05-12,0.810,,2015-05-12,2.548,,2015-05-12,1.280,,2015-05-12,2.140,,2015-05-12,2.197,,2015-05-12,1.290
2015-05-13,0.670,,2015-05-13,1.000,,2015-05-13,3.398,,2015-05-13,2.472,,2015-05-13,3.094,,2015-05-13,3.080,,2015-05-13,3.389,,2015-05-13,1.310,,2015-05-13,2.090,,2015-05-13,1.300,,2015-05-13,2.240,,2015-05-13,5.050,,2015-05-13,1.685,,2015-05-13,2.098,,2015-05-13,1.230,,2015-05-13,2.090,,2015-05-13,2.149,,2015-05-13,1.247
2015-05-14,1.140,,2015-05-14,1.545,,2015-05-14,3.399,,2015-05-14,2.356,,2015-05-14,2.852,,2015-05-14,3.031,,2015-05-14,3.366,,2015-05-14,1.280,,2015-05-14,2.000,,2015-05-14,1.240,,2015-05-14,2.170,,2015-05-14,5.050,,2015-05-14,2.122,,2015-05-14,2.301,,2015-05-14,1.130,,2015-05-14,2.400,,2015-05-14,2.056,,2015-05-14,1.182
2015-05-15,0.590,,2015-05-15,0.415,,2015-05-15,3.349,,2015-05-15,2.426,,2015-05-15,2.780,,2015-05-15,3.068,,2015-05-15,3.360,,2015-05-15,1.160,,2015-05-15,1.920,,2015-05-15,1.150,,2015-05-15,2.050,,2015-05-15,5.050,,2015-05-15,1.345,,2015-05-15,2.242,,2015-05-15,1.050,,2015-05-15,1.900,,2015-05-15,1.962,,2015-05-15,1.078
2015-05-18,0.515,,2015-05-18,2.090,,2015-05-18,3.392,,2015-05-18,2.410,,2015-05-18,2.828,,2015-05-18,3.102,,2015-05-18,3.366,,2015-05-18,1.080,,2015-05-18,2.000,,2015-05-18,1.100,,2015-05-18,2.400,,2015-05-18,5.050,,2015-05-18,1.417,,2015-05-18,2.499,,2015-05-18,1.040,,2015-05-18,1.910,,2015-05-18,1.920,,2015-05-18,1.052
2015-05-19,0.955,,2015-05-19,1.400,,2015-05-19,3.445,,2015-05-19,2.433,,2015-05-19,2.876,,2015-05-19,3.132,,2015-05-19,3.377,,2015-05-19,1.160,,2015-05-19,1.910,,2015-05-19,1.080,,2015-05-19,2.100,,2015-05-19,5.050,,2015-05-19,1.011,,2015-05-19,1.995,,2015-05-19,1.100,,2015-05-19,1.970,,2015-05-19,1.925,,2015-05-19,1.033
2015-05-20,3.490,,2015-05-20,2.550,,2015-05-20,3.416,,2015-05-20,2.455,,2015-05-20,2.856,,2015-05-20,3.155,,2015-05-20,3.385,,2015-05-20,1.180,,2015-05-20,1.980,,2015-05-20,1.050,,2015-05-20,1.980,,2015-05-20,5.050,,2015-05-20,1.491,,2015-05-20,2.482,,2015-05-20,1.030,,2015-05-20,2.000,,2015-05-20,1.932,,2015-05-20,1.032
2015-05-21,2.540,,2015-05-21,1.200,,2015-05-21,3.418,,2015-05-21,2.426,,2015-05-21,2.843,,2015-05-21,3.120,,2015-05-21,3.377,,2015-05-21,1.210,,2015-05-21,1.990,,2015-05-21,1.100,,2015-05-21,2.120,,2015-05-21,5.050,,2015-05-21,0.895,,2015-05-21,1.930,,2015-05-21,1.030,,2015-05-21,2.020,,2015-05-21,1.944,,2015-05-21,1.033
2015-05-22,0.835,,2015-05-22,1.105,,2015-05-22,3.438,,2015-05-22,2.391,,2015-05-22,2.826,,2015-05-22,3.127,,2015-05-22,3.386,,2015-05-22,1.170,,2015-05-22,2.010,,2015-05-22,1.037,,2015-05-22,2.300,,2015-05-22,5.050,,2015-05-22,1.453,,2015-05-22,1.998,,2015-05-22,1.050,,2015-05-22,1.950,,2015-05-22,1.966,,2015-05-22,1.037
2015-05-25,0.015,,2015-05-25,1.100,,2015-05-25,3.416,,2015-05-25,2.212,,2015-05-25,2.846,,2015-05-25,3.223,,2015-05-25,3.373,,2015-05-25,1.130,,2015-05-25,2.006,,2015-05-25,1.100,,2015-05-25,2.000,,2015-05-25,5.050,,2015-05-25,3.187,,2015-05-25,1.998,,2015-05-25,1.030,,2015-05-25,2.200,,2015-05-25,1.968,,2015-05-25,1.039
2015-05-26,0.895,,2015-05-26,1.405,,2015-05-26,3.506,,2015-05-26,2.058,,2015-05-26,2.866,,2015-05-26,3.118,,2015-05-26,3.432,,2015-05-26,1.130,,2015-05-26,1.970,,2015-05-26,1.080,,2015-05-26,2.300,,2015-05-26,5.050,,2015-05-26,0.793,,2015-05-26,2.501,,2015-05-26,1.060,,2015-05-26,2.200,,2015-05-26,1.969,,2015-05-26,1.040
2015-05-27,0.585,,2015-05-27,2.250,,2015-05-27,3.506,,2015-05-27,1.866,,2015-05-27,2.847,,2015-05-27,3.192,,2015-05-27,3.472,,2015-05-27,1.180,,2015-05-27,2.000,,2015-05-27,1.100,,2015-05-27,1.930,,2015-05-27,5.050,,2015-05-27,1.508,,2015-05-27,2.347,,2015-05-27,1.050,,2015-05-27,1.950,,2015-05-27,1.967,,2015-05-27,1.040
2015-05-28,1.335,,2015-05-28,3.855,,2015-05-28,3.508,,2015-05-28,1.961,,2015-05-28,2.877,,2015-05-28,3.288,,2015-05-28,3.569,,2015-05-28,1.110,,2015-05-28,2.030,,2015-05-28,1.085,,2015-05-28,1.900,,2015-05-28,5.050,,2015-05-28,0.972,,2015-05-28,2.497,,2015-05-28,1.030,,2015-05-28,2.100,,2015-05-28,1.952,,2015-05-28,1.043
2015-05-29,0.435,,2015-05-29,4.740,,2015-05-29,3.546,,2015-05-29,1.980,,2015-05-29,2.902,,2015-05-29,3.251,,2015-05-29,3.595,,2015-05-29,1.150,,2015-05-29,2.080,,2015-05-29,1.080,,2015-05-29,2.700,,2015-05-29,5.050,,2015-05-29,0.996,,2015-05-29,2.361,,2015-05-29,1.020,,2015-05-29,1.940,,2015-05-29,1.972,,2015-05-29,1.039
2015-06-01,0.265,,2015-06-01,2.750,,2015-06-01,3.617,,2015-06-01,2.015,,2015-06-01,2.892,,2015-06-01,3.345,,2015-06-01,3.632,,2015-06-01,1.100,,2015-06-01,2.010,,2015-06-01,1.075,,2015-06-01,2.100,,2015-06-01,5.050,,2015-06-01,1.047,,2015-06-01,2.000,,2015-06-01,3.500,,2015-06-01,2.010,,2015-06-01,1.963,,2015-06-01,1.027
2015-06-02,0.210,,2015-06-02,1.620,,2015-06-02,3.548,,2015-06-02,2.008,,2015-06-02,2.879,,2015-06-02,3.216,,2015-06-02,3.600,,2015-06-02,1.120,,2015-06-02,2.250,,2015-06-02,1.070,,2015-06-02,1.700,,2015-06-02,5.050,,2015-06-02,1.309,,2015-06-02,3.001,,2015-06-02,1.050,,2015-06-02,2.300,,2015-06-02,1.977,,2015-06-02,1.034
2015-06-03,1.350,,2015-06-03,2.500,,2015-06-03,3.596,,2015-06-03,1.977,,2015-06-03,2.905,,2015-06-03,3.176,,2015-06-03,3.573,,2015-06-03,1.210,,2015-06-03,2.220,,2015-06-03,1.050,,2015-06-03,2.050,,2015-06-03,5.050,,2015-06-03,3.005,,2015-06-03,2.250,,2015-06-03,1.050,,2015-06-03,2.250,,2015-06-03,2.057,,2015-06-03,1.039
2015-06-04,1.625,,2015-06-04,1.200,,2015-06-04,3.574,,2015-06-04,1.922,,2015-06-04,2.893,,2015-06-04,3.201,,2015-06-04,3.545,,2015-06-04,1.150,,2015-06-04,2.230,,2015-06-04,1.030,,2015-06-04,2.300,,2015-06-04,5.050,,2015-06-04,1.527,,2015-06-04,2.644,,2015-06-04,1.060,,2015-06-04,2.160,,2015-06-04,2.122,,2015-06-04,1.047
2015-06-05,0.585,,2015-06-05,1.215,,2015-06-05,3.557,,2015-06-05,1.919,,2015-06-05,2.856,,2015-06-05,3.182,,2015-06-05,3.544,,2015-06-05,1.200,,2015-06-05,2.060,,2015-06-05,1.150,,2015-06-05,2.300,,2015-06-05,5.050,,2015-06-05,1.636,,2015-06-05,2.650,,2015-06-05,1.160,,2015-06-05,2.150,,2015-06-05,2.070,,2015-06-05,1.051
2015-06-08,0.620,,2015-06-08,1.155,,2015-06-08,3.580,,2015-06-08,1.886,,2015-06-08,2.886,,2015-06-08,3.205,,2015-06-08,3.509,,2015-06-08,1.140,,2015-06-08,2.060,,2015-06-08,1.150,,2015-06-08,2.140,,2015-06-08,5.050,,2015-06-08,0.863,,2015-06-08,2.751,,2015-06-08,1.080,,2015-06-08,2.060,,2015-06-08,2.043,,2015-06-08,1.061
2015-06-09,0.155,,2015-06-09,1.010,,2015-06-09,3.541,,2015-06-09,1.796,,2015-06-09,2.844,,2015-06-09,3.196,,2015-06-09,3.497,,2015-06-09,1.170,,2015-06-09,2.080,,2015-06-09,1.120,,2015-06-09,2.110,,2015-06-09,5.050,,2015-06-09,1.596,,2015-06-09,3.496,,2015-06-09,1.080,,2015-06-09,2.050,,2015-06-09,2.049,,2015-06-09,1.071
2015-06-10,0.615,,2015-06-10,1.400,,2015-06-10,3.589,,2015-06-10,1.794,,2015-06-10,2.853,,2015-06-10,3.206,,2015-06-10,3.523,,2015-06-10,1.170,,2015-06-10,2.120,,2015-06-10,1.130,,2015-06-10,2.080,,2015-06-10,5.050,,2015-06-10,1.543,,2015-06-10,2.541,,2015-06-10,1.070,,2015-06-10,2.050,,2015-06-10,2.052,,2015-06-10,1.083
2015-06-11,0.645,,2015-06-11,2.000,,2015-06-11,3.609,,2015-06-11,1.778,,2015-06-11,2.870,,2015-06-11,3.216,,2015-06-11,3.558,,2015-06-11,1.140,,2015-06-11,2.100,,2015-06-11,1.090,,2015-06-11,2.000,,2015-06-11,5.050,,2015-06-11,0.906,,2015-06-11,2.489,,2015-06-11,1.110,,2015-06-11,2.140,,2015-06-11,2.063,,2015-06-11,1.090
2015-06-12,0.730,,2015-06-12,2.190,,2015-06-12,3.548,,2015-06-12,1.740,,2015-06-12,2.871,,2015-06-12,3.200,,2015-06-12,3.554,,2015-06-12,1.190,,2015-06-12,2.220,,2015-06-12,1.250,,2015-06-12,2.240,,2015-06-12,5.050,,2015-06-12,0.802,,2015-06-12,2.109,,2015-06-12,1.090,,2015-06-12,2.100,,2015-06-12,2.085,,2015-06-12,1.104
2015-06-15,0.005,,2015-06-15,4.605,,2015-06-15,3.662,,2015-06-15,1.723,,2015-06-15,2.910,,2015-06-15,3.249,,2015-06-15,3.549,,2015-06-15,1.170,,2015-06-15,2.240,,2015-06-15,1.160,,2015-06-15,2.750,,2015-06-15,5.050,,2015-06-15,1.592,,2015-06-15,2.402,,2015-06-15,1.200,,2015-06-15,2.170,,2015-06-15,2.110,,2015-06-15,1.121
2015-06-16,0.465,,2015-06-16,4.005,,2015-06-16,3.594,,2015-06-16,1.774,,2015-06-16,2.908,,2015-06-16,3.240,,2015-06-16,3.533,,2015-06-16,1.210,,2015-06-16,2.300,,2015-06-16,1.100,,2015-06-16,2.800,,2015-06-16,5.050,,2015-06-16,1.127,,2015-06-16,2.398,,2015-06-16,1.250,,2015-06-16,2.850,,2015-06-16,2.143,,2015-06-16,1.131
2015-06-17,0.510,,2015-06-17,2.660,,2015-06-17,3.592,,2015-06-17,1.768,,2015-06-17,2.790,,2015-06-17,3.238,,2015-06-17,3.537,,2015-06-17,1.330,,2015-06-17,2.410,,2015-06-17,1.160,,2015-06-17,1.800,,2015-06-17,5.050,,2015-06-17,3.486,,2015-06-17,2.801,,2015-06-17,1.200,,2015-06-17,2.460,,2015-06-17,2.238,,2015-06-17,1.151
2015-06-18,1.650,,2015-06-18,2.100,,2015-06-18,3.589,,2015-06-18,1.779,,2015-06-18,2.858,,2015-06-18,3.164,,2015-06-18,3.482,,2015-06-18,1.400,,2015-06-18,2.700,,2015-06-18,1.240,,2015-06-18,3.800,,2015-06-18,5.050,,2015-06-18,2.501,,2015-06-18,2.130,,2015-06-18,1.300,,2015-06-18,3.500,,2015-06-18,2.478,,2015-06-18,1.202
2015-06-19,3.215,,2015-06-19,2.480,,2015-06-19,3.589,,2015-06-19,1.779,,2015-06-19,2.858,,2015-06-19,3.164,,2015-06-19,3.482,,2015-06-19,1.500,,2015-06-19,2.730,,2015-06-19,1.500,,2015-06-19,2.800,,2015-06-19,5.050,,2015-06-19,0.809,,2015-06-19,4.002,,2015-06-19,1.280,,2015-06-19,2.860,,2015-06-19,2.674,,2015-06-19,1.267
2015-06-23,0.945,,2015-06-23,1.965,,2015-06-23,3.594,,2015-06-23,1.815,,2015-06-23,2.867,,2015-06-23,3.212,,2015-06-23,3.499,,2015-06-23,1.470,,2015-06-23,2.860,,2015-06-23,1.400,,2015-06-23,3.330,,2015-06-23,5.050,,2015-06-23,1.788,,2015-06-23,3.448,,2015-06-23,1.300,,2015-06-23,2.800,,2015-06-23,2.675,,2015-06-23,1.295
2015-06-24,0.030,,2015-06-24,1.600,,2015-06-24,3.580,,2015-06-24,1.807,,2015-06-24,2.867,,2015-06-24,3.193,,2015-06-24,3.521,,2015-06-24,1.510,,2015-06-24,2.870,,2015-06-24,1.340,,2015-06-24,1.800,,2015-06-24,5.050,,2015-06-24,1.993,,2015-06-24,4.499,,2015-06-24,1.300,,2015-06-24,3.100,,2015-06-24,2.808,,2015-06-24,1.338
2015-06-25,0.725,,2015-06-25,1.395,,2015-06-25,3.615,,2015-06-25,1.811,,2015-06-25,2.864,,2015-06-25,3.192,,2015-06-25,3.527,,2015-06-25,1.430,,2015-06-25,3.020,,2015-06-25,1.350,,2015-06-25,2.960,,2015-06-25,5.050,,2015-06-25,1.494,,2015-06-25,4.596,,2015-06-25,1.350,,2015-06-25,3.110,,2015-06-25,2.884,,2015-06-25,1.357
2015-06-26,0.195,,2015-06-26,2.045,,2015-06-26,3.543,,2015-06-26,1.849,,2015-06-26,2.863,,2015-06-26,3.182,,2015-06-26,3.518,,2015-06-26,1.450,,2015-06-26,3.000,,2015-06-26,1.400,,2015-06-26,3.200,,2015-06-26,5.050,,2015-06-26,1.496,,2015-06-26,4.497,,2015-06-26,1.350,,2015-06-26,1.500,,2015-06-26,2.921,,2015-06-26,1.357
2015-06-29,0.115,,2015-06-29,1.510,,2015-06-29,3.518,,2015-06-29,1.800,,2015-06-29,2.875,,2015-06-29,3.206,,2015-06-29,3.507,,2015-06-29,1.400,,2015-06-29,2.750,,2015-06-29,1.370,,2015-06-29,3.200,,2015-06-29,4.800,,2015-06-29,1.618,,2015-06-29,4.998,,2015-06-29,1.330,,2015-06-29,2.840,,2015-06-29,2.840,,2015-06-29,1.340
2015-06-30,0.020,,2015-06-30,2.010,,2015-06-30,3.538,,2015-06-30,1.803,,2015-06-30,2.883,,2015-06-30,3.200,,2015-06-30,3.539,,2015-06-30,1.234,,2015-06-30,2.560,,2015-06-30,1.150,,2015-06-30,3.500,,2015-06-30,4.800,,2015-06-30,1.755,,2015-06-30,3.210,,2015-06-30,1.150,,2015-06-30,3.300,,2015-06-30,2.652,,2015-06-30,1.257
2015-07-01,0.335,,2015-07-01,2.015,,2015-07-01,3.557,,2015-07-01,1.776,,2015-07-01,2.876,,2015-07-01,3.171,,2015-07-01,3.531,,2015-07-01,1.300,,2015-07-01,2.750,,2015-07-01,1.190,,2015-07-01,2.700,,2015-07-01,4.800,,2015-07-01,1.950,,2015-07-01,3.402,,2015-07-01,1.160,,2015-07-01,2.800,,2015-07-01,2.602,,2015-07-01,1.163
2015-07-02,0.365,,2015-07-02,2.500,,2015-07-02,3.564,,2015-07-02,1.782,,2015-07-02,2.873,,2015-07-02,3.164,,2015-07-02,3.557,,2015-07-02,1.240,,2015-07-02,2.870,,2015-07-02,1.160,,2015-07-02,2.670,,2015-07-02,4.800,,2015-07-02,1.173,,2015-07-02,3.502,,2015-07-02,1.160,,2015-07-02,2.900,,2015-07-02,2.712,,2015-07-02,1.161
2015-07-03,0.250,,2015-07-03,2.000,,2015-07-03,3.525,,2015-07-03,1.844,,2015-07-03,2.877,,2015-07-03,3.239,,2015-07-03,3.524,,2015-07-03,1.300,,2015-07-03,2.900,,2015-07-03,1.200,,2015-07-03,2.940,,2015-07-03,4.800,,2015-07-03,1.305,,2015-07-03,4.003,,2015-07-03,1.160,,2015-07-03,2.940,,2015-07-03,2.802,,2015-07-03,1.159
2015-07-06,0.360,,2015-07-06,1.095,,2015-07-06,3.427,,2015-07-06,1.962,,2015-07-06,2.835,,2015-07-06,3.308,,2015-07-06,3.464,,2015-07-06,1.230,,2015-07-06,2.780,,2015-07-06,1.200,,2015-07-06,2.640,,2015-07-06,4.800,,2015-07-06,1.986,,2015-07-06,3.101,,2015-07-06,1.170,,2015-07-06,2.610,,2015-07-06,2.661,,2015-07-06,1.167
2015-07-07,0.285,,2015-07-07,1.010,,2015-07-07,3.249,,2015-07-07,2.026,,2015-07-07,2.788,,2015-07-07,3.272,,2015-07-07,3.418,,2015-07-07,1.260,,2015-07-07,2.600,,2015-07-07,1.300,,2015-07-07,2.650,,2015-07-07,4.800,,2015-07-07,1.679,,2015-07-07,3.054,,2015-07-07,1.200,,2015-07-07,2.600,,2015-07-07,2.610,,2015-07-07,1.176
2015-07-08,0.080,,2015-07-08,1.500,,2015-07-08,3.482,,2015-07-08,2.464,,2015-07-08,2.852,,2015-07-08,3.214,,2015-07-08,3.503,,2015-07-08,1.350,,2015-07-08,2.610,,2015-07-08,1.200,,2015-07-08,3.300,,2015-07-08,4.800,,2015-07-08,1.716,,2015-07-08,2.497,,2015-07-08,1.200,,2015-07-08,2.570,,2015-07-08,2.589,,2015-07-08,1.187
2015-07-09,0.385,,2015-07-09,1.200,,2015-07-09,3.493,,2015-07-09,2.508,,2015-07-09,2.829,,2015-07-09,3.213,,2015-07-09,3.472,,2015-07-09,1.320,,2015-07-09,2.570,,2015-07-09,1.190,,2015-07-09,2.670,,2015-07-09,4.800,,2015-07-09,1.699,,2015-07-09,3.002,,2015-07-09,1.210,,2015-07-09,2.560,,2015-07-09,2.578,,2015-07-09,1.198
2015-07-10,0.400,,2015-07-10,1.185,,2015-07-10,2.894,,2015-07-10,2.208,,2015-07-10,2.895,,2015-07-10,3.225,,2015-07-10,3.721,,2015-07-10,1.380,,2015-07-10,2.580,,2015-07-10,1.220,,2015-07-10,2.660,,2015-07-10,4.800,,2015-07-10,1.698,,2015-07-10,2.512,,2015-07-10,1.220,,2015-07-10,2.550,,2015-07-10,2.575,,2015-07-10,1.210
2015-07-13,0.410,,2015-07-13,0.695,,2015-07-13,3.018,,2015-07-13,2.275,,2015-07-13,2.264,,2015-07-13,2.844,,2015-07-13,3.668,,2015-07-13,1.400,,2015-07-13,2.580,,2015-07-13,1.300,,2015-07-13,2.520,,2015-07-13,4.800,,2015-07-13,1.230,,2015-07-13,2.506,,2015-07-13,1.210,,2015-07-13,2.530,,2015-07-13,2.553,,2015-07-13,1.224
2015-07-14,0.395,,2015-07-14,1.300,,2015-07-14,3.506,,2015-07-14,2.637,,2015-07-14,2.856,,2015-07-14,3.154,,2015-07-14,3.472,,2015-07-14,1.410,,2015-07-14,2.550,,2015-07-14,1.400,,2015-07-14,2.670,,2015-07-14,4.800,,2015-07-14,1.988,,2015-07-14,2.600,,2015-07-14,1.240,,2015-07-14,2.650,,2015-07-14,2.556,,2015-07-14,1.238
2015-07-15,0.545,,2015-07-15,1.200,,2015-07-15,3.464,,2015-07-15,2.391,,2015-07-15,2.619,,2015-07-15,3.143,,2015-07-15,3.567,,2015-07-15,1.400,,2015-07-15,2.500,,2015-07-15,1.300,,2015-07-15,2.750,,2015-07-15,4.800,,2015-07-15,1.653,,2015-07-15,2.950,,2015-07-15,1.260,,2015-07-15,2.460,,2015-07-15,2.550,,2015-07-15,1.245
2015-07-16,0.755,,2015-07-16,0.680,,2015-07-16,3.462,,2015-07-16,2.437,,2015-07-16,2.787,,2015-07-16,3.201,,2015-07-16,3.568,,2015-07-16,1.350,,2015-07-16,2.500,,2015-07-16,1.260,,2015-07-16,2.000,,2015-07-16,4.800,,2015-07-16,1.690,,2015-07-16,2.448,,2015-07-16,1.260,,2015-07-16,2.330,,2015-07-16,2.481,,2015-07-16,1.263
2015-07-17,0.365,,2015-07-17,1.005,,2015-07-17,3.520,,2015-07-17,2.450,,2015-07-17,2.735,,2015-07-17,3.228,,2015-07-17,3.543,,2015-07-17,1.450,,2015-07-17,2.530,,2015-07-17,1.330,,2015-07-17,2.560,,2015-07-17,4.800,,2015-07-17,1.499,,2015-07-17,2.948,,2015-07-17,1.290,,2015-07-17,2.400,,2015-07-17,2.464,,2015-07-17,1.282
2015-07-20,0.545,,2015-07-20,1.100,,2015-07-20,3.340,,2015-07-20,2.438,,2015-07-20,2.788,,2015-07-20,3.231,,2015-07-20,3.465,,2015-07-20,1.270,,2015-07-20,2.400,,2015-07-20,1.260,,2015-07-20,2.800,,2015-07-20,4.800,,2015-07-20,1.786,,2015-07-20,3.305,,2015-07-20,1.300,,2015-07-20,2.800,,2015-07-20,2.449,,2015-07-20,1.290
2015-07-21,0.790,,2015-07-21,1.005,,2015-07-21,3.598,,2015-07-21,2.449,,2015-07-21,2.570,,2015-07-21,3.062,,2015-07-21,3.481,,2015-07-21,1.290,,2015-07-21,2.450,,2015-07-21,1.340,,2015-07-21,2.460,,2015-07-21,4.800,,2015-07-21,1.288,,2015-07-21,2.998,,2015-07-21,1.300,,2015-07-21,2.440,,2015-07-21,2.458,,2015-07-21,1.304
2015-07-22,0.670,,2015-07-22,1.270,,2015-07-22,3.563,,2015-07-22,2.386,,2015-07-22,2.203,,2015-07-22,2.752,,2015-07-22,3.496,,2015-07-22,1.300,,2015-07-22,2.500,,2015-07-22,1.500,,2015-07-22,2.750,,2015-07-22,4.800,,2015-07-22,1.691,,2015-07-22,3.009,,2015-07-22,1.330,,2015-07-22,2.530,,2015-07-22,2.478,,2015-07-22,1.323
2015-07-23,0.130,,2015-07-23,1.220,,2015-07-23,3.474,,2015-07-23,2.334,,2015-07-23,3.231,,2015-07-23,3.544,,2015-07-23,3.430,,2015-07-23,1.310,,2015-07-23,2.560,,2015-07-23,1.380,,2015-07-23,2.560,,2015-07-23,4.800,,2015-07-23,2.089,,2015-07-23,2.601,,2015-07-23,1.340,,2015-07-23,2.600,,2015-07-23,2.540,,2015-07-23,1.332
2015-07-24,0.545,,2015-07-24,1.105,,2015-07-24,3.453,,2015-07-24,1.632,,2015-07-24,2.742,,2015-07-24,3.137,,2015-07-24,3.401,,2015-07-24,1.330,,2015-07-24,2.530,,2015-07-24,1.340,,2015-07-24,2.570,,2015-07-24,4.800,,2015-07-24,1.856,,2015-07-24,2.839,,2015-07-24,1.340,,2015-07-24,2.520,,2015-07-24,2.559,,2015-07-24,1.337
2015-07-27,0.200,,2015-07-27,1.055,,2015-07-27,3.447,,2015-07-27,2.283,,2015-07-27,2.487,,2015-07-27,3.162,,2015-07-27,3.413,,2015-07-27,1.370,,2015-07-27,2.520,,2015-07-27,1.374,,2015-07-27,2.588,,2015-07-27,4.800,,2015-07-27,1.212,,2015-07-27,2.999,,2015-07-27,1.400,,2015-07-27,2.000,,2015-07-27,2.559,,2015-07-27,1.374
2015-07-28,0.305,,2015-07-28,1.010,,2015-07-28,3.444,,2015-07-28,2.277,,2015-07-28,2.839,,2015-07-28,3.160,,2015-07-28,3.408,,2015-07-28,1.380,,2015-07-28,2.440,,2015-07-28,1.430,,2015-07-28,2.400,,2015-07-28,4.800,,2015-07-28,1.016,,2015-07-28,1.494,,2015-07-28,1.700,,2015-07-28,1.800,,2015-07-28,2.552,,2015-07-28,1.388
2015-07-29,0.340,,2015-07-29,1.385,,2015-07-29,3.441,,2015-07-29,2.245,,2015-07-29,2.826,,2015-07-29,3.228,,2015-07-29,3.399,,2015-07-29,1.420,,2015-07-29,2.460,,2015-07-29,1.400,,2015-07-29,2.550,,2015-07-29,4.800,,2015-07-29,1.011,,2015-07-29,2.948,,2015-07-29,1.440,,2015-07-29,2.460,,2015-07-29,2.514,,2015-07-29,1.427
2015-07-30,0.975,,2015-07-30,1.215,,2015-07-30,3.432,,2015-07-30,2.175,,2015-07-30,2.167,,2015-07-30,3.202,,2015-07-30,3.400,,2015-07-30,1.440,,2015-07-30,2.480,,2015-07-30,1.420,,2015-07-30,2.250,,2015-07-30,4.800,,2015-07-30,1.959,,2015-07-30,2.301,,2015-07-30,1.450,,2015-07-30,2.470,,2015-07-30,2.502,,2015-07-30,1.448
2015-07-31,0.155,,2015-07-31,1.070,,2015-07-31,3.471,,2015-07-31,2.273,,2015-07-31,2.970,,2015-07-31,3.193,,2015-07-31,3.433,,2015-07-31,1.460,,2015-07-31,2.470,,2015-07-31,1.600,,2015-07-31,2.600,,2015-07-31,4.800,,2015-07-31,1.797,,2015-07-31,2.970,,2015-07-31,1.460,,2015-07-31,2.480,,2015-07-31,2.509,,2015-07-31,1.470
2015-08-03,0.755,,2015-08-03,1.090,,2015-08-03,3.460,,2015-08-03,1.634,,2015-08-03,2.983,,2015-08-03,3.165,,2015-08-03,3.443,,2015-08-03,1.470,,2015-08-03,2.450,,2015-08-03,1.500,,2015-08-03,2.900,,2015-08-03,4.800,,2015-08-03,1.619,,2015-08-03,2.700,,2015-08-03,1.470,,2015-08-03,2.470,,2015-08-03,2.495,,2015-08-03,1.488
2015-08-04,0.395,,2015-08-04,1.080,,2015-08-04,3.473,,2015-08-04,1.503,,2015-08-04,2.810,,2015-08-04,3.170,,2015-08-04,3.452,,2015-08-04,1.480,,2015-08-04,2.430,,2015-08-04,1.800,,2015-08-04,2.700,,2015-08-04,4.800,,2015-08-04,2.819,,2015-08-04,2.407,,2015-08-04,1.510,,2015-08-04,2.430,,2015-08-04,2.483,,2015-08-04,1.497
2015-08-05,0.225,,2015-08-05,1.470,,2015-08-05,3.465,,2015-08-05,1.515,,2015-08-05,2.827,,2015-08-05,3.174,,2015-08-05,3.459,,2015-08-05,1.490,,2015-08-05,2.410,,2015-08-05,1.600,,2015-08-05,2.650,,2015-08-05,4.800,,2015-08-05,1.991,,2015-08-05,3.500,,2015-08-05,1.520,,2015-08-05,2.300,,2015-08-05,2.471,,2015-08-05,1.508
2015-08-06,0.695,,2015-08-06,1.000,,2015-08-06,3.464,,2015-08-06,2.201,,2015-08-06,2.776,,2015-08-06,3.158,,2015-08-06,3.457,,2015-08-06,1.500,,2015-08-06,2.300,,2015-08-06,1.550,,2015-08-06,3.000,,2015-08-06,4.800,,2015-08-06,2.193,,2015-08-06,2.498,,2015-08-06,1.530,,2015-08-06,2.300,,2015-08-06,2.449,,2015-08-06,1.517
2015-08-07,0.265,,2015-08-07,0.905,,2015-08-07,3.459,,2015-08-07,2.271,,2015-08-07,3.289,,2015-08-07,3.155,,2015-08-07,3.419,,2015-08-07,1.530,,2015-08-07,2.440,,2015-08-07,1.800,,2015-08-07,2.500,,2015-08-07,4.800,,2015-08-07,1.627,,2015-08-07,2.425,,2015-08-07,1.560,,2015-08-07,2.440,,2015-08-07,2.453,,2015-08-07,1.529
2015-08-10,1.115,,2015-08-10,1.205,,2015-08-10,3.467,,2015-08-10,2.265,,2015-08-10,2.995,,2015-08-10,3.152,,2015-08-10,3.438,,2015-08-10,1.550,,2015-08-10,2.420,,2015-08-10,1.600,,2015-08-10,1.800,,2015-08-10,4.800,,2015-08-10,1.706,,2015-08-10,2.450,,2015-08-10,1.570,,2015-08-10,2.000,,2015-08-10,2.455,,2015-08-10,1.557
2015-08-11,0.365,,2015-08-11,1.405,,2015-08-11,3.538,,2015-08-11,2.119,,2015-08-11,2.992,,2015-08-11,3.225,,2015-08-11,3.506,,2015-08-11,1.570,,2015-08-11,2.400,,2015-08-11,1.620,,2015-08-11,2.430,,2015-08-11,4.800,,2015-08-11,1.897,,2015-08-11,2.701,,2015-08-11,1.600,,2015-08-11,2.400,,2015-08-11,2.463,,2015-08-11,1.586
2015-08-12,0.765,,2015-08-12,1.165,,2015-08-12,3.517,,2015-08-12,2.172,,2015-08-12,1.693,,2015-08-12,3.251,,2015-08-12,3.505,,2015-08-12,1.590,,2015-08-12,2.440,,2015-08-12,1.700,,2015-08-12,2.740,,2015-08-12,4.800,,2015-08-12,2.106,,2015-08-12,2.749,,2015-08-12,1.600,,2015-08-12,2.440,,2015-08-12,2.472,,2015-08-12,1.614
2015-08-13,1.570,,2015-08-13,1.165,,2015-08-13,3.503,,2015-08-13,2.303,,2015-08-13,2.799,,2015-08-13,3.248,,2015-08-13,3.473,,2015-08-13,1.620,,2015-08-13,2.450,,2015-08-13,1.620,,2015-08-13,2.550,,2015-08-13,4.800,,2015-08-13,1.102,,2015-08-13,2.850,,2015-08-13,1.650,,2015-08-13,2.480,,2015-08-13,2.481,,2015-08-13,1.641
2015-08-14,1.000,,2015-08-14,1.300,,2015-08-14,3.497,,2015-08-14,2.242,,2015-08-14,2.309,,2015-08-14,3.268,,2015-08-14,3.479,,2015-08-14,1.650,,2015-08-14,2.480,,2015-08-14,1.680,,2015-08-14,2.530,,2015-08-14,4.800,,2015-08-14,1.684,,2015-08-14,2.991,,2015-08-14,1.690,,2015-08-14,1.650,,2015-08-14,2.495,,2015-08-14,1.667
2015-08-17,0.505,,2015-08-17,1.100,,2015-08-17,3.524,,2015-08-17,2.274,,2015-08-17,2.596,,2015-08-17,3.273,,2015-08-17,3.486,,2015-08-17,1.680,,2015-08-17,2.480,,2015-08-17,1.710,,2015-08-17,2.000,,2015-08-17,4.800,,2015-08-17,2.713,,2015-08-17,2.801,,2015-08-17,1.720,,2015-08-17,2.600,,2015-08-17,2.517,,2015-08-17,1.701
2015-08-18,0.990,,2015-08-18,1.200,,2015-08-18,3.505,,2015-08-18,2.291,,2015-08-18,2.639,,2015-08-18,3.124,,2015-08-18,3.511,,2015-08-18,1.730,,2015-08-18,2.490,,2015-08-18,1.770,,2015-08-18,2.500,,2015-08-18,4.800,,2015-08-18,2.288,,2015-08-18,2.766,,2015-08-18,1.800,,2015-08-18,2.520,,2015-08-18,2.531,,2015-08-18,1.745
2015-08-19,0.740,,2015-08-19,1.040,,2015-08-19,3.523,,2015-08-19,2.288,,2015-08-19,2.839,,2015-08-19,3.280,,2015-08-19,3.515,,2015-08-19,1.770,,2015-08-19,2.520,,2015-08-19,1.780,,2015-08-19,2.390,,2015-08-19,4.800,,2015-08-19,2.299,,2015-08-19,3.100,,2015-08-19,1.810,,2015-08-19,2.700,,2015-08-19,2.546,,2015-08-19,1.788
2015-08-20,1.935,,2015-08-20,1.220,,2015-08-20,3.502,,2015-08-20,2.284,,2015-08-20,2.886,,2015-08-20,3.306,,2015-08-20,3.526,,2015-08-20,1.810,,2015-08-20,2.590,,2015-08-20,1.830,,2015-08-20,2.730,,2015-08-20,4.800,,2015-08-20,1.991,,2015-08-20,2.971,,2015-08-20,1.840,,2015-08-20,2.200,,2015-08-20,2.586,,2015-08-20,1.830
2015-08-21,0.620,,2015-08-21,1.495,,2015-08-21,3.491,,2015-08-21,2.284,,2015-08-21,2.809,,2015-08-21,3.293,,2015-08-21,3.512,,2015-08-21,1.820,,2015-08-21,2.560,,2015-08-21,1.870,,2015-08-21,2.600,,2015-08-21,4.800,,2015-08-21,1.899,,2015-08-21,2.969,,2015-08-21,1.860,,2015-08-21,2.550,,2015-08-21,2.599,,2015-08-21,1.847
2015-08-24,0.920,,2015-08-24,1.250,,2015-08-24,3.704,,2015-08-24,2.295,,2015-08-24,2.928,,2015-08-24,3.209,,2015-08-24,3.542,,2015-08-24,1.840,,2015-08-24,2.530,,2015-08-24,2.000,,2015-08-24,2.600,,2015-08-24,4.800,,2015-08-24,2.095,,2015-08-24,2.532,,2015-08-24,1.880,,2015-08-24,2.850,,2015-08-24,2.597,,2015-08-24,1.866
2015-08-25,1.455,,2015-08-25,1.460,,2015-08-25,3.457,,2015-08-25,2.283,,2015-08-25,2.593,,2015-08-25,3.263,,2015-08-25,3.486,,2015-08-25,1.850,,2015-08-25,2.560,,2015-08-25,1.879,,2015-08-25,3.000,,2015-08-25,4.800,,2015-08-25,2.395,,2015-08-25,3.201,,2015-08-25,1.890,,2015-08-25,2.560,,2015-08-25,2.593,,2015-08-25,1.879
2015-08-26,0.020,,2015-08-26,1.900,,2015-08-26,3.411,,2015-08-26,2.283,,2015-08-26,2.597,,2015-08-26,3.300,,2015-08-26,3.464,,2015-08-26,1.740,,2015-08-26,2.390,,2015-08-26,2.100,,2015-08-26,2.500,,2015-08-26,4.550,,2015-08-26,1.712,,2015-08-26,3.198,,2015-08-26,1.900,,2015-08-26,2.300,,2015-08-26,2.429,,2015-08-26,1.786
2015-08-27,0.320,,2015-08-27,1.800,,2015-08-27,3.359,,2015-08-27,2.281,,2015-08-27,3.017,,2015-08-27,3.376,,2015-08-27,3.404,,2015-08-27,1.720,,2015-08-27,2.330,,2015-08-27,1.730,,2015-08-27,2.550,,2015-08-27,4.550,,2015-08-27,1.963,,2015-08-27,2.667,,2015-08-27,1.750,,2015-08-27,2.370,,2015-08-27,2.398,,2015-08-27,1.759
2015-08-28,0.740,,2015-08-28,1.110,,2015-08-28,3.355,,2015-08-28,2.288,,2015-08-28,3.003,,2015-08-28,3.292,,2015-08-28,3.386,,2015-08-28,1.750,,2015-08-28,2.380,,2015-08-28,1.850,,2015-08-28,2.510,,2015-08-28,4.550,,2015-08-28,1.777,,2015-08-28,2.876,,2015-08-28,2.200,,2015-08-28,2.400,,2015-08-28,2.392,,2015-08-28,1.774
2015-08-31,0.955,,2015-08-31,1.250,,2015-08-31,3.289,,2015-08-31,2.270,,2015-08-31,2.993,,2015-08-31,3.297,,2015-08-31,3.337,,2015-08-31,1.770,,2015-08-31,2.420,,2015-08-31,1.820,,2015-08-31,2.500,,2015-08-31,4.550,,2015-08-31,2.085,,2015-08-31,3.202,,2015-08-31,1.800,,2015-08-31,2.700,,2015-08-31,2.398,,2015-08-31,1.801
2015-09-01,1.115,,2015-09-01,0.365,,2015-09-01,3.286,,2015-09-01,2.675,,2015-09-01,2.924,,2015-09-01,3.269,,2015-09-01,3.337,,2015-09-01,1.800,,2015-09-01,2.400,,2015-09-01,1.850,,2015-09-01,2.450,,2015-09-01,4.550,,2015-09-01,2.584,,2015-09-01,2.928,,2015-09-01,1.840,,2015-09-01,2.430,,2015-09-01,2.410,,2015-09-01,1.821
2015-09-02,0.005,,2015-09-02,0.720,,2015-09-02,3.299,,2015-09-02,2.150,,2015-09-02,2.931,,2015-09-02,3.262,,2015-09-02,3.338,,2015-09-02,2.020,,2015-09-02,2.480,,2015-09-02,2.100,,2015-09-02,2.100,,2015-09-02,4.550,,2015-09-02,2.100,,2015-09-02,2.202,,2015-09-02,2.030,,2015-09-02,2.460,,2015-09-02,2.421,,2015-09-02,2.031
2015-09-07,1.520,,2015-09-07,1.270,,2015-09-07,3.320,,2015-09-07,2.030,,2015-09-07,2.915,,2015-09-07,3.268,,2015-09-07,3.357,,2015-09-07,1.880,,2015-09-07,2.400,,2015-09-07,1.905,,2015-09-07,2.420,,2015-09-07,4.550,,2015-09-07,2.411,,2015-09-07,2.429,,2015-09-07,1.900,,2015-09-07,2.200,,2015-09-07,2.410,,2015-09-07,1.904
2015-09-08,1.775,,2015-09-08,1.620,,2015-09-08,3.339,,2015-09-08,2.212,,2015-09-08,1.819,,2015-09-08,3.253,,2015-09-08,3.347,,2015-09-08,1.870,,2015-09-08,2.410,,2015-09-08,1.897,,2015-09-08,3.000,,2015-09-08,4.550,,2015-09-08,1.964,,2015-09-08,2.998,,2015-09-08,1.890,,2015-09-08,2.440,,2015-09-08,2.402,,2015-09-08,1.897
2015-09-09,1.265,,2015-09-09,1.800,,2015-09-09,3.355,,2015-09-09,2.289,,2015-09-09,2.516,,2015-09-09,3.006,,2015-09-09,3.344,,2015-09-09,1.860,,2015-09-09,2.380,,2015-09-09,1.900,,2015-09-09,2.750,,2015-09-09,4.550,,2015-09-09,2.105,,2015-09-09,2.851,,2015-09-09,1.890,,2015-09-09,2.400,,2015-09-09,2.398,,2015-09-09,1.896
2015-09-10,1.305,,2015-09-10,1.200,,2015-09-10,3.350,,2015-09-10,2.260,,2015-09-10,2.530,,2015-09-10,3.243,,2015-09-10,3.339,,2015-09-10,1.870,,2015-09-10,2.430,,2015-09-10,1.940,,2015-09-10,3.000,,2015-09-10,4.550,,2015-09-10,1.882,,2015-09-10,1.497,,2015-09-10,2.080,,2015-09-10,2.300,,2015-09-10,2.400,,2015-09-10,1.899
2015-09-11,0.680,,2015-09-11,1.210,,2015-09-11,3.321,,2015-09-11,2.355,,2015-09-11,3.699,,2015-09-11,3.206,,2015-09-11,3.351,,2015-09-11,1.870,,2015-09-11,2.350,,2015-09-11,1.860,,2015-09-11,1.900,,2015-09-11,4.550,,2015-09-11,2.005,,2015-09-11,2.802,,2015-09-11,1.900,,2015-09-11,2.380,,2015-09-11,2.403,,2015-09-11,1.900
2015-09-14,1.500,,2015-09-14,1.310,,2015-09-14,3.327,,2015-09-14,2.553,,2015-09-14,2.956,,2015-09-14,3.164,,2015-09-14,3.334,,2015-09-14,1.870,,2015-09-14,2.360,,2015-09-14,2.100,,2015-09-14,2.390,,2015-09-14,4.550,,2015-09-14,2.002,,2015-09-14,2.960,,2015-09-14,1.910,,2015-09-14,2.380,,2015-09-14,2.394,,2015-09-14,1.899
2015-09-15,1.080,,2015-09-15,1.680,,2015-09-15,3.300,,2015-09-15,2.514,,2015-09-15,4.525,,2015-09-15,3.147,,2015-09-15,3.317,,2015-09-15,1.880,,2015-09-15,2.370,,2015-09-15,1.930,,2015-09-15,2.700,,2015-09-15,4.550,,2015-09-15,1.994,,2015-09-15,2.880,,2015-09-15,1.860,,2015-09-15,2.500,,2015-09-15,2.392,,2015-09-15,1.899
2015-09-16,0.505,,2015-09-16,1.650,,2015-09-16,3.317,,2015-09-16,1.325,,2015-09-16,2.931,,2015-09-16,3.149,,2015-09-16,3.317,,2015-09-16,1.880,,2015-09-16,2.390,,2015-09-16,1.930,,2015-09-16,2.600,,2015-09-16,4.550,,2015-09-16,2.201,,2015-09-16,2.880,,2015-09-16,1.900,,2015-09-16,2.410,,2015-09-16,2.391,,2015-09-16,1.900
2015-09-17,2.510,,2015-09-17,1.620,,2015-09-17,3.326,,2015-09-17,2.613,,2015-09-17,5.746,,2015-09-17,3.165,,2015-09-17,3.326,,2015-09-17,1.870,,2015-09-17,2.370,,2015-09-17,2.000,,2015-09-17,2.530,,2015-09-17,4.550,,2015-09-17,1.697,,2015-09-17,2.900,,2015-09-17,1.900,,2015-09-17,2.400,,2015-09-17,2.391,,2015-09-17,1.899
2015-09-18,1.360,,2015-09-18,1.430,,2015-09-18,3.309,,2015-09-18,2.321,,2015-09-18,2.858,,2015-09-18,3.153,,2015-09-18,3.350,,2015-09-18,1.880,,2015-09-18,2.400,,2015-09-18,2.400,,2015-09-18,2.850,,2015-09-18,4.550,,2015-09-18,2.287,,2015-09-18,2.998,,2015-09-18,1.900,,2015-09-18,2.420,,2015-09-18,2.390,,2015-09-18,1.900
2015-09-21,1.955,,2015-09-21,1.955,,2015-09-21,3.303,,2015-09-21,2.458,,2015-09-21,4.116,,2015-09-21,3.159,,2015-09-21,3.340,,2015-09-21,1.880,,2015-09-21,2.360,,2015-09-21,1.920,,2015-09-21,2.500,,2015-09-21,4.550,,2015-09-21,2.510,,2015-09-21,2.400,,2015-09-21,1.900,,2015-09-21,2.250,,2015-09-21,2.391,,2015-09-21,1.901
2015-09-22,1.510,,2015-09-22,2.000,,2015-09-22,3.319,,2015-09-22,2.304,,2015-09-22,2.584,,2015-09-22,3.157,,2015-09-22,3.334,,2015-09-22,1.880,,2015-09-22,2.370,,2015-09-22,1.930,,2015-09-22,2.600,,2015-09-22,4.550,,2015-09-22,2.323,,2015-09-22,2.907,,2015-09-22,1.870,,2015-09-22,2.400,,2015-09-22,2.397,,2015-09-22,1.908
2015-09-23,1.140,,2015-09-23,3.060,,2015-09-23,3.333,,2015-09-23,2.273,,2015-09-23,3.122,,2015-09-23,3.148,,2015-09-23,3.331,,2015-09-23,1.880,,2015-09-23,2.340,,2015-09-23,1.950,,2015-09-23,2.600,,2015-09-23,4.550,,2015-09-23,1.890,,2015-09-23,2.798,,2015-09-23,1.910,,2015-09-23,2.380,,2015-09-23,2.401,,2015-09-23,1.908
2015-09-24,3.240,,2015-09-24,3.200,,2015-09-24,3.311,,2015-09-24,2.216,,2015-09-24,3.159,,2015-09-24,3.147,,2015-09-24,3.337,,2015-09-24,1.880,,2015-09-24,2.450,,2015-09-24,1.910,,2015-09-24,2.625,,2015-09-24,4.550,,2015-09-24,1.798,,2015-09-24,2.772,,2015-09-24,1.900,,2015-09-24,3.200,,2015-09-24,2.480,,2015-09-24,1.909
2015-09-25,2.615,,2015-09-25,2.830,,2015-09-25,3.318,,2015-09-25,2.413,,2015-09-25,3.407,,2015-09-25,3.130,,2015-09-25,3.325,,2015-09-25,1.880,,2015-09-25,2.370,,2015-09-25,2.000,,2015-09-25,1.890,,2015-09-25,4.550,,2015-09-25,2.403,,2015-09-25,2.352,,2015-09-25,1.880,,2015-09-25,2.370,,2015-09-25,2.447,,2015-09-25,1.907
2015-09-28,1.055,,2015-09-28,3.010,,2015-09-28,3.299,,2015-09-28,2.401,,2015-09-28,2.991,,2015-09-28,3.107,,2015-09-28,3.298,,2015-09-28,1.890,,2015-09-28,2.350,,2015-09-28,1.910,,2015-09-28,2.450,,2015-09-28,4.550,,2015-09-28,1.993,,2015-09-28,2.695,,2015-09-28,1.910,,2015-09-28,2.130,,2015-09-28,2.431,,2015-09-28,1.910
2015-09-29,2.445,,2015-09-29,1.100,,2015-09-29,3.244,,2015-09-29,2.394,,2015-09-29,3.101,,2015-09-29,3.090,,2015-09-29,3.263,,2015-09-29,1.890,,2015-09-29,2.510,,2015-09-29,1.920,,2015-09-29,2.400,,2015-09-29,4.550,,2015-09-29,2.121,,2015-09-29,2.399,,2015-09-29,1.920,,2015-09-29,2.400,,2015-09-29,2.419,,2015-09-29,1.907
2015-09-30,2.160,,2015-09-30,0.390,,2015-09-30,3.208,,2015-09-30,2.396,,2015-09-30,2.902,,2015-09-30,3.065,,2015-09-30,3.280,,2015-09-30,1.980,,2015-09-30,2.360,,2015-09-30,1.990,,2015-09-30,2.450,,2015-09-30,4.550,,2015-09-30,2.539,,2015-09-30,2.601,,2015-09-30,2.800,,2015-09-30,2.390,,2015-09-30,2.408,,2015-09-30,1.989
2015-10-08,6.250,,2015-10-08,2.560,,2015-10-08,3.205,,2015-10-08,2.407,,2015-10-08,2.938,,2015-10-08,3.115,,2015-10-08,3.253,,2015-10-08,1.870,,2015-10-08,2.370,,2015-10-08,1.910,,2015-10-08,2.700,,2015-10-08,4.550,,2015-10-08,1.897,,2015-10-08,2.694,,2015-10-08,1.920,,2015-10-08,1.950,,2015-10-08,2.400,,2015-10-08,1.909
2015-10-09,0.940,,2015-10-09,2.140,,2015-10-09,3.084,,2015-10-09,2.410,,2015-10-09,2.897,,2015-10-09,2.988,,2015-10-09,3.216,,2015-10-09,1.870,,2015-10-09,2.420,,2015-10-09,1.920,,2015-10-09,2.400,,2015-10-09,4.550,,2015-10-09,1.883,,2015-10-09,3.005,,2015-10-09,1.900,,2015-10-09,2.490,,2015-10-09,2.400,,2015-10-09,1.906
2015-10-12,2.075,,2015-10-12,2.205,,2015-10-12,3.138,,2015-10-12,2.434,,2015-10-12,2.838,,2015-10-12,2.995,,2015-10-12,3.160,,2015-10-12,1.880,,2015-10-12,2.370,,2015-10-12,1.950,,2015-10-12,2.400,,2015-10-12,4.550,,2015-10-12,1.886,,2015-10-12,2.900,,2015-10-12,2.000,,2015-10-12,2.420,,2015-10-12,2.397,,2015-10-12,1.902
2015-10-13,0.885,,2015-10-13,2.000,,2015-10-13,2.969,,2015-10-13,2.429,,2015-10-13,2.833,,2015-10-13,2.979,,2015-10-13,3.118,,2015-10-13,1.880,,2015-10-13,2.400,,2015-10-13,2.100,,2015-10-13,2.800,,2015-10-13,4.550,,2015-10-13,1.883,,2015-10-13,2.960,,2015-10-13,1.900,,2015-10-13,2.250,,2015-10-13,2.397,,2015-10-13,1.900
2015-10-14,1.705,,2015-10-14,2.185,,2015-10-14,2.914,,2015-10-14,2.425,,2015-10-14,2.755,,2015-10-14,2.913,,2015-10-14,3.099,,2015-10-14,1.880,,2015-10-14,2.430,,2015-10-14,1.900,,2015-10-14,2.800,,2015-10-14,4.550,,2015-10-14,1.927,,2015-10-14,2.821,,2015-10-14,1.910,,2015-10-14,2.500,,2015-10-14,2.397,,2015-10-14,1.900
2015-10-15,2.675,,2015-10-15,1.920,,2015-10-15,3.067,,2015-10-15,2.407,,2015-10-15,2.822,,2015-10-15,2.910,,2015-10-15,3.121,,2015-10-15,1.880,,2015-10-15,2.410,,2015-10-15,2.300,,2015-10-15,2.600,,2015-10-15,4.550,,2015-10-15,2.429,,2015-10-15,2.931,,2015-10-15,1.900,,2015-10-15,2.450,,2015-10-15,2.397,,2015-10-15,1.901
2015-10-16,2.430,,2015-10-16,2.450,,2015-10-16,3.103,,2015-10-16,2.456,,2015-10-16,2.822,,2015-10-16,2.971,,2015-10-16,3.157,,2015-10-16,1.880,,2015-10-16,2.400,,2015-10-16,1.899,,2015-10-16,2.650,,2015-10-16,4.550,,2015-10-16,1.998,,2015-10-16,2.722,,2015-10-16,1.880,,2015-10-16,2.430,,2015-10-16,2.394,,2015-10-16,1.899
2015-10-19,1.060,,2015-10-19,2.300,,2015-10-19,3.101,,2015-10-19,2.446,,2015-10-19,2.778,,2015-10-19,2.995,,2015-10-19,3.120,,2015-10-19,1.880,,2015-10-19,2.400,,2015-10-19,1.940,,2015-10-19,2.370,,2015-10-19,4.550,,2015-10-19,2.498,,2015-10-19,2.441,,2015-10-19,1.900,,2015-10-19,2.430,,2015-10-19,2.395,,2015-10-19,1.902
2015-10-20,2.205,,2015-10-20,2.445,,2015-10-20,3.058,,2015-10-20,2.434,,2015-10-20,2.706,,2015-10-20,3.000,,2015-10-20,3.072,,2015-10-20,1.900,,2015-10-20,2.400,,2015-10-20,1.940,,2015-10-20,2.500,,2015-10-20,4.550,,2015-10-20,2.397,,2015-10-20,2.530,,2015-10-20,1.920,,2015-10-20,2.430,,2015-10-20,2.394,,2015-10-20,1.903
2015-10-21,1.210,,2015-10-21,2.330,,2015-10-21,3.061,,2015-10-21,2.438,,2015-10-21,2.747,,2015-10-21,2.951,,2015-10-21,3.069,,2015-10-21,1.880,,2015-10-21,2.390,,2015-10-21,1.905,,2015-10-21,2.700,,2015-10-21,4.550,,2015-10-21,2.489,,2015-10-21,2.997,,2015-10-21,1.910,,2015-10-21,2.100,,2015-10-21,2.394,,2015-10-21,1.905
2015-10-22,4.630,,2015-10-22,2.870,,2015-10-22,3.043,,2015-10-22,2.441,,2015-10-22,2.746,,2015-10-22,2.952,,2015-10-22,3.061,,2015-10-22,1.880,,2015-10-22,2.390,,2015-10-22,1.930,,2015-10-22,2.700,,2015-10-22,4.550,,2015-10-22,2.403,,2015-10-22,2.603,,2015-10-22,1.910,,2015-10-22,2.380,,2015-10-22,2.396,,2015-10-22,1.904
2015-10-23,2.300,,2015-10-23,2.355,,2015-10-23,3.043,,2015-10-23,2.429,,2015-10-23,2.743,,2015-10-23,2.952,,2015-10-23,3.060,,2015-10-23,1.890,,2015-10-23,2.400,,2015-10-23,1.900,,2015-10-23,2.490,,2015-10-23,4.550,,2015-10-23,2.497,,2015-10-23,2.900,,2015-10-23,1.910,,2015-10-23,2.450,,2015-10-23,2.401,,2015-10-23,1.909
2015-10-26,1.105,,2015-10-26,2.490,,2015-10-26,3.007,,2015-10-26,2.434,,2015-10-26,2.741,,2015-10-26,2.876,,2015-10-26,3.014,,2015-10-26,1.810,,2015-10-26,2.370,,2015-10-26,2.000,,2015-10-26,2.430,,2015-10-26,4.300,,2015-10-26,2.145,,2015-10-26,3.198,,2015-10-26,1.844,,2015-10-26,2.360,,2015-10-26,2.338,,2015-10-26,1.840
2015-10-27,2.215,,2015-10-27,2.200,,2015-10-27,2.969,,2015-10-27,2.353,,2015-10-27,2.597,,2015-10-27,2.955,,2015-10-27,2.974,,2015-10-27,1.760,,2015-10-27,2.280,,2015-10-27,1.850,,2015-10-27,2.297,,2015-10-27,4.300,,2015-10-27,2.284,,2015-10-27,2.341,,2015-10-27,1.900,,2015-10-27,2.270,,2015-10-27,2.297,,2015-10-27,1.800
2015-10-28,1.710,,2015-10-28,2.230,,2015-10-28,3.000,,2015-10-28,2.361,,2015-10-28,2.734,,2015-10-28,2.930,,2015-10-28,3.000,,2015-10-28,1.760,,2015-10-28,2.300,,2015-10-28,1.830,,2015-10-28,2.100,,2015-10-28,4.300,,2015-10-28,2.190,,2015-10-28,2.298,,2015-10-28,1.750,,2015-10-28,2.340,,2015-10-28,2.292,,2015-10-28,1.796
2015-10-29,0.590,,2015-10-29,1.845,,2015-10-29,3.056,,2015-10-29,2.377,,2015-10-29,2.762,,2015-10-29,2.930,,2015-10-29,3.066,,2015-10-29,1.760,,2015-10-29,2.340,,2015-10-29,1.830,,2015-10-29,2.360,,2015-10-29,4.300,,2015-10-29,1.859,,2015-10-29,2.802,,2015-10-29,1.800,,2015-10-29,2.400,,2015-10-29,2.291,,2015-10-29,1.798
2015-10-30,1.610,,2015-10-30,1.785,,2015-10-30,3.065,,2015-10-30,2.368,,2015-10-30,2.751,,2015-10-30,2.930,,2015-10-30,3.076,,2015-10-30,1.760,,2015-10-30,2.340,,2015-10-30,1.830,,2015-10-30,2.450,,2015-10-30,4.300,,2015-10-30,2.099,,2015-10-30,1.752,,2015-10-30,1.500,,2015-10-30,2.360,,2015-10-30,2.291,,2015-10-30,1.798
